match_date,team1,team2,winner,margin,ground,scorecard,team1_mahadasha_lord,team1_mahadasha_lord_dignity,team1_mahadasha_lord_score,team1_antardasha_lord,team1_antardasha_lord_dignity,team1_antardasha_lord_score,team1_agreement_classification,team1_moon_rashi,team1_moon_nakshatra,team2_mahadasha_lord,team2_mahadasha_lord_dignity,team2_mahadasha_lord_score,team2_antardasha_lord,team2_antardasha_lord_dignity,team2_antardasha_lord_score,team2_agreement_classification,team2_moon_rashi,team2_moon_nakshatra
2019-01-03,New Zealand,Sri Lanka,New Zealand,45 runs,Mount Maunganui,ODI # 4074,venus,DEBILITATED,-0.5,rahu,N/A,-0.5,Tradition-specific,Mesha,Bharani,mars,NEUTRAL,-0.5,saturn,NEUTRAL,0.5,Contradictory,Vrischika,Anuradha
2019-01-04,New Zealand,Sri Lanka,New Zealand,21 runs,Mount Maunganui,ODI # 4075,venus,DEBILITATED,-0.5,rahu,N/A,-0.5,Tradition-specific,Mesha,Bharani,mars,NEUTRAL,-0.5,saturn,NEUTRAL,0.5,Contradictory,Vrischika,Anuradha
2019-01-05,New Zealand,Sri Lanka,New Zealand,115 runs,Nelson,ODI # 4076,venus,DEBILITATED,-0.5,rahu,N/A,-0.5,Tradition-specific,Mesha,Bharani,mars,NEUTRAL,-0.5,saturn,NEUTRAL,0.5,Contradictory,Vrischika,Anuradha
2019-01-06,Australia,India,Australia,34 runs,Sydney,ODI # 4077,venus,NEUTRAL,0.5,rahu,N/A,-0.5,Tradition-specific,Mesha,Bharani,moon,OWN_SIGN,1.5,jupiter,NEUTRAL,-0.5,Insufficient,Karka,Pushya
2019-01-07,Australia,India,India,6 wickets,Adelaide,ODI # 4078,venus,NEUTRAL,0.5,rahu,N/A,-0.5,Tradition-specific,Mesha,Bharani,moon,OWN_SIGN,1.5,jupiter,NEUTRAL,-0.5,Insufficient,Karka,Pushya
2019-01-08,Australia,India,India,7 wickets,Melbourne,ODI # 4079,venus,NEUTRAL,0.5,rahu,N/A,-0.5,Tradition-specific,Mesha,Bharani,moon,OWN_SIGN,1.5,jupiter,NEUTRAL,-0.5,Insufficient,Karka,Pushya
2019-01-09,South Africa,Pakistan,Pakistan,5 wickets,Gqeberha,ODI # 4080,moon,NEUTRAL,1.5,jupiter,NEUTRAL,-0.5,Insufficient,Kumbha,Dhanishta,venus,NEUTRAL,0.5,jupiter,NEUTRAL,-0.5,Insufficient,Mithuna,Ardra
2019-01-10,South Africa,Pakistan,South Africa,5 wickets,Durban,ODI # 4081,moon,NEUTRAL,1.5,jupiter,NEUTRAL,-0.5,Insufficient,Kumbha,Dhanishta,venus,NEUTRAL,0.5,jupiter,NEUTRAL,-0.5,Insufficient,Mithuna,Ardra
2019-01-11,New Zealand,India,India,8 wickets,Napier,ODI # 4082,venus,DEBILITATED,-0.5,rahu,N/A,-0.5,Tradition-specific,Mesha,Bharani,moon,OWN_SIGN,1.5,jupiter,NEUTRAL,-0.5,Insufficient,Karka,Pushya
2019-01-12,U.A.E.,Nepal,U.A.E.,3 wickets,ICCA Dubai,ODI # 4083,jupiter,NEUTRAL,1.5,moon,EXALTED,3.5,Strong,Vrishabha,Krittika,moon,NEUTRAL,-0.5,saturn,NEUTRAL,0.5,Contradictory,Mesha,Krittika
2019-01-13,South Africa,Pakistan,South Africa,13 runs,Centurion,ODI # 4084,moon,NEUTRAL,1.5,jupiter,NEUTRAL,-0.5,Insufficient,Kumbha,Dhanishta,venus,NEUTRAL,0.5,jupiter,NEUTRAL,-0.5,Insufficient,Mithuna,Ardra
2019-01-14,New Zealand,India,India,90 runs,Mount Maunganui,ODI # 4085,venus,DEBILITATED,-0.5,rahu,N/A,-0.5,Tradition-specific,Mesha,Bharani,moon,OWN_SIGN,1.5,jupiter,NEUTRAL,-0.5,Insufficient,Karka,Pushya
2019-01-15,U.A.E.,Nepal,Nepal,145 runs,ICCA Dubai,ODI # 4086,jupiter,NEUTRAL,1.5,moon,EXALTED,3.5,Strong,Vrishabha,Krittika,moon,NEUTRAL,-0.5,saturn,NEUTRAL,0.5,Contradictory,Mesha,Krittika
2019-01-16,South Africa,Pakistan,Pakistan,8 wickets,Johannesburg,ODI # 4087,moon,NEUTRAL,1.5,jupiter,NEUTRAL,-0.5,Insufficient,Kumbha,Dhanishta,venus,NEUTRAL,0.5,jupiter,NEUTRAL,-0.5,Insufficient,Mithuna,Ardra
2019-01-17,New Zealand,India,India,7 wickets,Mount Maunganui,ODI # 4088,venus,DEBILITATED,-0.5,rahu,N/A,-0.5,Tradition-specific,Mesha,Bharani,moon,OWN_SIGN,1.5,jupiter,NEUTRAL,-0.5,Insufficient,Karka,Pushya
2019-01-18,U.A.E.,Nepal,Nepal,4 wickets,ICCA Dubai,ODI # 4089,jupiter,NEUTRAL,1.5,moon,EXALTED,3.5,Strong,Vrishabha,Krittika,moon,NEUTRAL,-0.5,saturn,NEUTRAL,0.5,Contradictory,Mesha,Krittika
2019-01-19,South Africa,Pakistan,South Africa,7 wickets,Cape Town,ODI # 4090,moon,NEUTRAL,1.5,jupiter,NEUTRAL,-0.5,Insufficient,Kumbha,Dhanishta,venus,NEUTRAL,0.5,jupiter,NEUTRAL,-0.5,Insufficient,Mithuna,Ardra
2019-01-20,New Zealand,India,New Zealand,8 wickets,Hamilton,ODI # 4091,venus,DEBILITATED,-0.5,rahu,N/A,-0.5,Tradition-specific,Mesha,Bharani,moon,OWN_SIGN,1.5,jupiter,NEUTRAL,-0.5,Insufficient,Karka,Pushya
2019-01-21,New Zealand,India,India,35 runs,Wellington,ODI # 4092,venus,DEBILITATED,-0.5,rahu,N/A,-0.5,Tradition-specific,Mesha,Bharani,moon,OWN_SIGN,1.5,jupiter,NEUTRAL,-0.5,Insufficient,Karka,Pushya
2019-02-13,New Zealand,Bangladesh,New Zealand,8 wickets,Napier,ODI # 4093,venus,DEBILITATED,-0.5,rahu,N/A,-0.5,Tradition-specific,Mesha,Bharani,ketu,N/A,0.5,rahu,N/A,-0.5,Tradition-specific,Kumbha,Purva Bhadrapada
2019-02-16,New Zealand,Bangladesh,New Zealand,8 wickets,Christchurch,ODI # 4094,venus,DEBILITATED,-0.5,rahu,N/A,-0.5,Tradition-specific,Mesha,Bharani,ketu,N/A,0.5,rahu,N/A,-0.5,Tradition-specific,Kumbha,Purva Bhadrapada
2019-02-20,New Zealand,Bangladesh,New Zealand,88 runs,Dunedin,ODI # 4095,venus,DEBILITATED,-0.5,rahu,N/A,-0.5,Tradition-specific,Mesha,Bharani,ketu,N/A,0.5,rahu,N/A,-0.5,Tradition-specific,Kumbha,Purva Bhadrapada
2019-02-28,Afghanistan,Ireland,Afghanistan,5 wickets,Dehradun,ODI # 4100,venus,DEBILITATED,-0.5,venus,DEBILITATED,-0.5,Strong,Vrishabha,Krittika,sun,NEUTRAL,0.5,rahu,N/A,-0.5,Tradition-specific,Mithuna,Ardra
2019-03-02,Afghanistan,Ireland,no result,-,Dehradun,ODI # 4101,venus,DEBILITATED,-0.5,venus,DEBILITATED,-0.5,Strong,Vrishabha,Krittika,sun,NEUTRAL,0.5,rahu,N/A,-0.5,Tradition-specific,Mithuna,Ardra
2019-03-02,India,Australia,India,6 wickets,Hyderabad,ODI # 4102,moon,OWN_SIGN,1.5,jupiter,NEUTRAL,-0.5,Insufficient,Karka,Pushya,venus,NEUTRAL,0.5,rahu,N/A,-0.5,Tradition-specific,Mesha,Bharani
2019-03-03,South Africa,Sri Lanka,South Africa,8 wickets,Johannesburg,ODI # 4104,moon,NEUTRAL,1.5,jupiter,NEUTRAL,-0.5,Insufficient,Kumbha,Dhanishta,mars,NEUTRAL,-0.5,saturn,NEUTRAL,0.5,Contradictory,Vrischika,Anuradha
2019-03-05,Afghanistan,Ireland,Ireland,4 wickets,Dehradun,ODI # 4105,venus,DEBILITATED,-0.5,venus,DEBILITATED,-0.5,Strong,Vrishabha,Krittika,sun,NEUTRAL,0.5,rahu,N/A,-0.5,Tradition-specific,Mithuna,Ardra
2019-03-05,India,Australia,India,8 runs,Nagpur,ODI # 4106,moon,OWN_SIGN,1.5,jupiter,NEUTRAL,-0.5,Insufficient,Karka,Pushya,venus,NEUTRAL,0.5,rahu,N/A,-0.5,Tradition-specific,Mesha,Bharani
2019-03-06,South Africa,Sri Lanka,South Africa,113 runs,Centurion,ODI # 4107,moon,NEUTRAL,1.5,jupiter,NEUTRAL,-0.5,Insufficient,Kumbha,Dhanishta,mars,NEUTRAL,-0.5,saturn,NEUTRAL,0.5,Contradictory,Vrischika,Anuradha
2019-03-08,Afghanistan,Ireland,Afghanistan,109 runs,Dehradun,ODI # 4108,venus,DEBILITATED,-0.5,venus,DEBILITATED,-0.5,Strong,Vrishabha,Krittika,sun,NEUTRAL,0.5,rahu,N/A,-0.5,Tradition-specific,Mithuna,Ardra
2019-03-08,India,Australia,Australia,32 runs,Ranchi,ODI # 4109,moon,OWN_SIGN,1.5,jupiter,NEUTRAL,-0.5,Insufficient,Karka,Pushya,venus,NEUTRAL,0.5,rahu,N/A,-0.5,Tradition-specific,Mesha,Bharani
2019-03-10,Afghanistan,Ireland,Ireland,5 wickets,Dehradun,ODI # 4110,venus,DEBILITATED,-0.5,venus,DEBILITATED,-0.5,Strong,Vrishabha,Krittika,sun,NEUTRAL,0.5,rahu,N/A,-0.5,Tradition-specific,Mithuna,Ardra
2019-03-10,India,Australia,Australia,4 wickets,Mohali,ODI # 4111,moon,OWN_SIGN,1.5,jupiter,NEUTRAL,-0.5,Insufficient,Karka,Pushya,venus,NEUTRAL,0.5,rahu,N/A,-0.5,Tradition-specific,Mesha,Bharani
2019-03-10,South Africa,Sri Lanka,South Africa,71 runs,Durban,ODI # 4112,moon,NEUTRAL,1.5,jupiter,NEUTRAL,-0.5,Insufficient,Kumbha,Dhanishta,mars,NEUTRAL,-0.5,saturn,NEUTRAL,0.5,Contradictory,Vrischika,Anuradha
2019-03-13,India,Australia,Australia,35 runs,Delhi,ODI # 4113,moon,OWN_SIGN,1.5,jupiter,NEUTRAL,-0.5,Insufficient,Karka,Pushya,venus,NEUTRAL,0.5,rahu,N/A,-0.5,Tradition-specific,Mesha,Bharani
2019-03-13,South Africa,Sri Lanka,South Africa,6 wickets,Gqeberha,ODI # 4114,moon,NEUTRAL,1.5,jupiter,NEUTRAL,-0.5,Insufficient,Kumbha,Dhanishta,mars,NEUTRAL,-0.5,saturn,NEUTRAL,0.5,Contradictory,Vrischika,Anuradha
2019-03-16,South Africa,Sri Lanka,South Africa,41 runs,Cape Town,ODI # 4115,moon,NEUTRAL,1.5,jupiter,NEUTRAL,-0.5,Insufficient,Kumbha,Dhanishta,mars,NEUTRAL,-0.5,saturn,NEUTRAL,0.5,Contradictory,Vrischika,Anuradha
2019-03-22,Australia,Pakistan,Australia,8 wickets,Sharjah,ODI # 4116,venus,NEUTRAL,0.5,rahu,N/A,-0.5,Tradition-specific,Mesha,Bharani,venus,NEUTRAL,0.5,jupiter,NEUTRAL,-0.5,Insufficient,Mithuna,Ardra
2019-03-24,Australia,Pakistan,Australia,8 wickets,Sharjah,ODI # 4117,venus,NEUTRAL,0.5,rahu,N/A,-0.5,Tradition-specific,Mesha,Bharani,venus,NEUTRAL,0.5,jupiter,NEUTRAL,-0.5,Insufficient,Mithuna,Ardra
2019-03-27,Australia,Pakistan,Australia,80 runs,Abu Dhabi,ODI # 4118,venus,NEUTRAL,0.5,rahu,N/A,-0.5,Tradition-specific,Mesha,Bharani,venus,NEUTRAL,0.5,jupiter,NEUTRAL,-0.5,Insufficient,Mithuna,Ardra
2019-03-29,Australia,Pakistan,Australia,6 runs,Dubai (DSC),ODI # 4119,venus,NEUTRAL,0.5,rahu,N/A,-0.5,Tradition-specific,Mesha,Bharani,venus,NEUTRAL,0.5,jupiter,NEUTRAL,-0.5,Insufficient,Mithuna,Ardra
2019-03-31,Australia,Pakistan,Australia,20 runs,Dubai (DSC),ODI # 4120,venus,NEUTRAL,0.5,rahu,N/A,-0.5,Tradition-specific,Mesha,Bharani,venus,NEUTRAL,0.5,jupiter,NEUTRAL,-0.5,Insufficient,Mithuna,Ardra
2019-04-01,Zimbabwe,U.A.E.,Zimbabwe,7 wickets,Harare,ODI # 4121,jupiter,NEUTRAL,-0.5,mercury,DEBILITATED,-1.5,Strong,Vrishabha,Rohini,jupiter,NEUTRAL,1.5,moon,EXALTED,3.5,Strong,Vrishabha,Krittika
2019-04-02,Zimbabwe,U.A.E.,Zimbabwe,4 runs,Harare,ODI # 4122,jupiter,NEUTRAL,-0.5,mercury,DEBILITATED,-1.5,Strong,Vrishabha,Rohini,jupiter,NEUTRAL,1.5,moon,EXALTED,3.5,Strong,Vrishabha,Krittika
2019-04-03,Zimbabwe,U.A.E.,Zimbabwe,131 runs,Harare,ODI # 4123,jupiter,NEUTRAL,-0.5,mercury,DEBILITATED,-1.5,Strong,Vrishabha,Rohini,jupiter,NEUTRAL,1.5,moon,EXALTED,3.5,Strong,Vrishabha,Krittika
2019-04-04,Zimbabwe,U.A.E.,Zimbabwe,3 wickets,Harare,ODI # 4124,jupiter,NEUTRAL,-0.5,mercury,DEBILITATED,-1.5,Strong,Vrishabha,Rohini,jupiter,NEUTRAL,1.5,moon,EXALTED,3.5,Strong,Vrishabha,Krittika
2019-04-05,Namibia,Oman,Namibia,145 runs,Windhoek,ODI # 4125,mars,EXALTED,1.5,ketu,N/A,-1.5,Tradition-specific,Dhanu,Purva Ashadha,venus,NEUTRAL,1.5,sun,NEUTRAL,0.5,Contradictory,Meena,Purva Bhadrapada
2019-04-06,P.N.G.,U.S.A.,P.N.G.,5 wickets,Windhoek,ODI # 4126,jupiter,OWN_SIGN,1.5,mercury,EXALTED,3.5,Moderate,Makara,Uttara Ashadha,mars,NEUTRAL,0.5,mercury,NEUTRAL,1.5,Insufficient,Makara,Dhanishta
2019-04-07,Ireland,England,England,4 wickets,Dublin (Malahide),ODI # 4127,sun,NEUTRAL,0.5,rahu,N/A,-0.5,Tradition-specific,Mithuna,Ardra,rahu,N/A,0.5,saturn,NEUTRAL,-1.5,Strong,Mithuna,Punarvasu
2019-04-10,England,Pakistan,no result,-,The Oval,ODI # 4130,rahu,N/A,0.5,saturn,NEUTRAL,-1.5,Strong,Mithuna,Punarvasu,venus,NEUTRAL,0.5,jupiter,NEUTRAL,-0.5,Insufficient,Mithuna,Ardra
2019-05-11,England,Pakistan,England,12 runs,Southampton,ODI # 4133,rahu,N/A,0.5,saturn,NEUTRAL,-1.5,Strong,Mithuna,Punarvasu,venus,NEUTRAL,0.5,jupiter,NEUTRAL,-0.5,Insufficient,Mithuna,Ardra
2019-05-14,England,Pakistan,England,6 wickets,Bristol,ODI # 4135,rahu,N/A,0.5,saturn,NEUTRAL,-1.5,Strong,Mithuna,Punarvasu,venus,NEUTRAL,0.5,jupiter,NEUTRAL,-0.5,Insufficient,Mithuna,Ardra
2019-05-15,Ireland,Bangladesh,Bangladesh,6 wickets,Dublin,ODI # 4136,sun,NEUTRAL,0.5,rahu,N/A,-0.5,Tradition-specific,Mithuna,Ardra,ketu,N/A,0.5,rahu,N/A,-0.5,Tradition-specific,Kumbha,Purva Bhadrapada
2019-05-17,England,Pakistan,England,3 wickets,Nottingham,ODI # 4138,rahu,N/A,0.5,saturn,NEUTRAL,-1.5,Strong,Mithuna,Punarvasu,venus,NEUTRAL,0.5,jupiter,NEUTRAL,-0.5,Insufficient,Mithuna,Ardra
2019-05-19,Ireland,Afghanistan,Ireland,72 runs,Belfast,ODI # 4139,sun,NEUTRAL,0.5,rahu,N/A,-0.5,Tradition-specific,Mithuna,Ardra,venus,DEBILITATED,-0.5,venus,DEBILITATED,-0.5,Strong,Vrishabha,Krittika
2019-05-19,England,Pakistan,England,54 runs,Leeds,ODI # 4140,rahu,N/A,0.5,saturn,NEUTRAL,-1.5,Strong,Mithuna,Punarvasu,venus,NEUTRAL,0.5,jupiter,NEUTRAL,-0.5,Insufficient,Mithuna,Ardra
2019-05-21,Ireland,Afghanistan,Afghanistan,126 runs,Belfast,ODI # 4141,sun,NEUTRAL,0.5,rahu,N/A,-0.5,Tradition-specific,Mithuna,Ardra,venus,DEBILITATED,-0.5,venus,DEBILITATED,-0.5,Strong,Vrishabha,Krittika
2019-05-30,England,South Africa,England,104 runs,The Oval,ODI # 4143,rahu,N/A,0.5,saturn,NEUTRAL,-1.5,Strong,Mithuna,Punarvasu,moon,NEUTRAL,1.5,jupiter,NEUTRAL,-0.5,Insufficient,Kumbha,Dhanishta
2019-06-01,New Zealand,Sri Lanka,New Zealand,10 wickets,Cardiff,ODI # 4145,venus,DEBILITATED,-0.5,rahu,N/A,-0.5,Tradition-specific,Mesha,Bharani,mars,NEUTRAL,-0.5,saturn,NEUTRAL,0.5,Contradictory,Vrischika,Anuradha
2019-06-01,Afghanistan,Australia,Australia,7 wickets,Bristol,ODI # 4146,venus,DEBILITATED,-0.5,venus,DEBILITATED,-0.5,Strong,Vrishabha,Krittika,venus,NEUTRAL,0.5,rahu,N/A,-0.5,Tradition-specific,Mesha,Bharani
2019-06-02,Bangladesh,South Africa,Bangladesh,21 runs,The Oval,ODI # 4147,ketu,N/A,0.5,rahu,N/A,-0.5,Tradition-specific,Kumbha,Purva Bhadrapada,moon,NEUTRAL,1.5,jupiter,NEUTRAL,-0.5,Insufficient,Kumbha,Dhanishta
2019-06-03,England,Pakistan,Pakistan,14 runs,Nottingham,ODI # 4148,rahu,N/A,0.5,saturn,NEUTRAL,-1.5,Strong,Mithuna,Punarvasu,venus,NEUTRAL,0.5,jupiter,NEUTRAL,-0.5,Insufficient,Mithuna,Ardra
2019-06-04,Afghanistan,Sri Lanka,Sri Lanka,34 runs,Cardiff,ODI # 4149,venus,DEBILITATED,-0.5,venus,DEBILITATED,-0.5,Strong,Vrishabha,Krittika,mars,NEUTRAL,-0.5,saturn,NEUTRAL,0.5,Contradictory,Vrischika,Anuradha
2019-06-05,India,South Africa,India,6 wickets,Southampton,ODI # 4150,moon,OWN_SIGN,1.5,jupiter,NEUTRAL,-0.5,Insufficient,Karka,Pushya,moon,NEUTRAL,1.5,jupiter,NEUTRAL,-0.5,Insufficient,Kumbha,Dhanishta
2019-06-05,Bangladesh,New Zealand,New Zealand,2 wickets,The Oval,ODI # 4151,ketu,N/A,0.5,rahu,N/A,-0.5,Tradition-specific,Kumbha,Purva Bhadrapada,venus,DEBILITATED,-0.5,rahu,N/A,-0.5,Tradition-specific,Mesha,Bharani
2019-06-08,England,Bangladesh,England,106 runs,Cardiff,ODI # 4153,rahu,N/A,0.5,saturn,NEUTRAL,-1.5,Strong,Mithuna,Punarvasu,ketu,N/A,0.5,rahu,N/A,-0.5,Tradition-specific,Kumbha,Purva Bhadrapada
2019-06-08,Afghanistan,New Zealand,New Zealand,7 wickets,Taunton,ODI # 4154,venus,DEBILITATED,-0.5,venus,DEBILITATED,-0.5,Strong,Vrishabha,Krittika,venus,DEBILITATED,-0.5,rahu,N/A,-0.5,Tradition-specific,Mesha,Bharani
2019-06-09,Australia,India,India,36 runs,The Oval,ODI # 4155,venus,NEUTRAL,0.5,rahu,N/A,-0.5,Tradition-specific,Mesha,Bharani,moon,OWN_SIGN,1.5,jupiter,NEUTRAL,-0.5,Insufficient,Karka,Pushya
2019-06-12,Australia,Pakistan,Australia,41 runs,Taunton,ODI # 4157,venus,NEUTRAL,0.5,rahu,N/A,-0.5,Tradition-specific,Mesha,Bharani,venus,NEUTRAL,0.5,jupiter,NEUTRAL,-0.5,Insufficient,Mithuna,Ardra
2019-06-15,Australia,Sri Lanka,Australia,87 runs,The Oval,ODI # 4159,venus,NEUTRAL,0.5,rahu,N/A,-0.5,Tradition-specific,Mesha,Bharani,mars,NEUTRAL,-0.5,saturn,NEUTRAL,0.5,Contradictory,Vrischika,Anuradha
2019-06-15,Afghanistan,South Africa,South Africa,9 wickets,Cardiff,ODI # 4160,venus,DEBILITATED,-0.5,venus,DEBILITATED,-0.5,Strong,Vrishabha,Krittika,moon,NEUTRAL,1.5,jupiter,NEUTRAL,-0.5,Insufficient,Kumbha,Dhanishta
2019-06-16,India,Pakistan,India,89 runs,Manchester,ODI # 4161,moon,OWN_SIGN,1.5,jupiter,NEUTRAL,-0.5,Insufficient,Karka,Pushya,venus,NEUTRAL,0.5,jupiter,NEUTRAL,-0.5,Insufficient,Mithuna,Ardra
2019-06-18,England,Afghanistan,England,150 runs,Manchester,ODI # 4163,rahu,N/A,0.5,saturn,NEUTRAL,-1.5,Strong,Mithuna,Punarvasu,venus,DEBILITATED,-0.5,venus,DEBILITATED,-0.5,Strong,Vrishabha,Krittika
2019-06-19,Netherlands,Zimbabwe,Netherlands,7 wickets,Deventer,ODI # 4164,mercury,DEBILITATED,-0.5,rahu,N/A,-1.5,Tradition-specific,Vrishabha,Krittika,jupiter,NEUTRAL,-0.5,mercury,DEBILITATED,-1.5,Strong,Vrishabha,Rohini
2019-06-19,New Zealand,South Africa,New Zealand,4 wickets,Birmingham,ODI # 4165,venus,DEBILITATED,-0.5,rahu,N/A,-0.5,Tradition-specific,Mesha,Bharani,moon,NEUTRAL,1.5,jupiter,NEUTRAL,-0.5,Insufficient,Kumbha,Dhanishta
2019-06-20,Australia,Bangladesh,Australia,48 runs,Nottingham,ODI # 4166,venus,NEUTRAL,0.5,rahu,N/A,-0.5,Tradition-specific,Mesha,Bharani,ketu,N/A,0.5,rahu,N/A,-0.5,Tradition-specific,Kumbha,Purva Bhadrapada
2019-06-21,Netherlands,Zimbabwe,Netherlands,3 wickets,Deventer,ODI # 4167,mercury,DEBILITATED,-0.5,rahu,N/A,-1.5,Tradition-specific,Vrishabha,Krittika,jupiter,NEUTRAL,-0.5,mercury,DEBILITATED,-1.5,Strong,Vrishabha,Rohini
2019-06-21,England,Sri Lanka,Sri Lanka,20 runs,Leeds,ODI # 4168,rahu,N/A,0.5,saturn,NEUTRAL,-1.5,Strong,Mithuna,Punarvasu,mars,NEUTRAL,-0.5,saturn,NEUTRAL,0.5,Contradictory,Vrischika,Anuradha
2019-06-22,Afghanistan,India,India,11 runs,Southampton,ODI # 4169,venus,DEBILITATED,-0.5,venus,DEBILITATED,-0.5,Strong,Vrishabha,Krittika,moon,OWN_SIGN,1.5,jupiter,NEUTRAL,-0.5,Insufficient,Karka,Pushya
2019-06-23,Pakistan,South Africa,Pakistan,49 runs,Lord's,ODI # 4171,venus,NEUTRAL,0.5,jupiter,NEUTRAL,-0.5,Insufficient,Mithuna,Ardra,moon,NEUTRAL,1.5,jupiter,NEUTRAL,-0.5,Insufficient,Kumbha,Dhanishta
2019-06-24,Afghanistan,Bangladesh,Bangladesh,62 runs,Southampton,ODI # 4172,venus,DEBILITATED,-0.5,venus,DEBILITATED,-0.5,Strong,Vrishabha,Krittika,ketu,N/A,0.5,rahu,N/A,-0.5,Tradition-specific,Kumbha,Purva Bhadrapada
2019-06-25,England,Australia,Australia,64 runs,Lord's,ODI # 4173,rahu,N/A,0.5,saturn,NEUTRAL,-1.5,Strong,Mithuna,Punarvasu,venus,NEUTRAL,0.5,rahu,N/A,-0.5,Tradition-specific,Mesha,Bharani
2019-06-26,New Zealand,Pakistan,Pakistan,6 wickets,Birmingham,ODI # 4174,venus,DEBILITATED,-0.5,rahu,N/A,-0.5,Tradition-specific,Mesha,Bharani,venus,NEUTRAL,0.5,jupiter,NEUTRAL,-0.5,Insufficient,Mithuna,Ardra
2019-06-28,South Africa,Sri Lanka,South Africa,9 wickets,Chester-le-Street,ODI # 4176,moon,NEUTRAL,1.5,saturn,DEBILITATED,-2.5,Strong,Kumbha,Dhanishta,mars,NEUTRAL,-0.5,saturn,NEUTRAL,0.5,Contradictory,Vrischika,Anuradha
2019-06-29,Afghanistan,Pakistan,Pakistan,3 wickets,Leeds,ODI # 4177,venus,DEBILITATED,-0.5,venus,DEBILITATED,-0.5,Strong,Vrishabha,Krittika,venus,NEUTRAL,0.5,jupiter,NEUTRAL,-0.5,Insufficient,Mithuna,Ardra
2019-06-29,Australia,New Zealand,Australia,86 runs,Lord's,ODI # 4178,venus,NEUTRAL,0.5,rahu,N/A,-0.5,Tradition-specific,Mesha,Bharani,venus,DEBILITATED,-0.5,rahu,N/A,-0.5,Tradition-specific,Mesha,Bharani
2019-06-30,England,India,England,31 runs,Birmingham,ODI # 4179,rahu,N/A,0.5,saturn,NEUTRAL,-1.5,Strong,Mithuna,Punarvasu,moon,OWN_SIGN,1.5,jupiter,NEUTRAL,-0.5,Insufficient,Karka,Pushya
2019-07-01,Ireland,Zimbabwe,Ireland,4 wickets,Bready,ODI # 4181,sun,NEUTRAL,0.5,jupiter,NEUTRAL,0.5,Insufficient,Mithuna,Ardra,jupiter,NEUTRAL,-0.5,mercury,DEBILITATED,-1.5,Strong,Vrishabha,Rohini
2019-07-02,Bangladesh,India,India,28 runs,Birmingham,ODI # 4182,ketu,N/A,0.5,rahu,N/A,-0.5,Tradition-specific,Kumbha,Purva Bhadrapada,moon,OWN_SIGN,1.5,jupiter,NEUTRAL,-0.5,Insufficient,Karka,Pushya
2019-07-03,England,New Zealand,England,119 runs,Chester-le-Street,ODI # 4183,rahu,N/A,0.5,saturn,NEUTRAL,-1.5,Strong,Mithuna,Punarvasu,venus,DEBILITATED,-0.5,rahu,N/A,-0.5,Tradition-specific,Mesha,Bharani
2019-07-04,Ireland,Zimbabwe,Ireland,5 runs,Belfast,ODI # 4185,sun,NEUTRAL,0.5,jupiter,NEUTRAL,0.5,Insufficient,Mithuna,Ardra,jupiter,NEUTRAL,-0.5,mercury,DEBILITATED,-1.5,Strong,Vrishabha,Rohini
2019-07-05,Bangladesh,Pakistan,Pakistan,94 runs,Lord's,ODI # 4186,ketu,N/A,0.5,rahu,N/A,-0.5,Tradition-specific,Kumbha,Purva Bhadrapada,venus,NEUTRAL,0.5,jupiter,NEUTRAL,-0.5,Insufficient,Mithuna,Ardra
2019-07-06,India,Sri Lanka,India,7 wickets,Leeds,ODI # 4187,moon,OWN_SIGN,1.5,jupiter,NEUTRAL,-0.5,Insufficient,Karka,Pushya,mars,NEUTRAL,-0.5,saturn,NEUTRAL,0.5,Contradictory,Vrischika,Anuradha
2019-07-06,Australia,South Africa,South Africa,10 runs,Manchester,ODI # 4188,venus,NEUTRAL,0.5,rahu,N/A,-0.5,Tradition-specific,Mesha,Bharani,moon,NEUTRAL,1.5,saturn,DEBILITATED,-2.5,Strong,Kumbha,Dhanishta
2019-07-07,Ireland,Zimbabwe,Ireland,6 wickets,Belfast,ODI # 4189,sun,NEUTRAL,0.5,jupiter,NEUTRAL,0.5,Insufficient,Mithuna,Ardra,jupiter,NEUTRAL,-0.5,mercury,DEBILITATED,-1.5,Strong,Vrishabha,Rohini
2019-07-09,India,New Zealand,New Zealand,18 runs,Manchester,ODI # 4190,moon,OWN_SIGN,1.5,jupiter,NEUTRAL,-0.5,Insufficient,Karka,Pushya,venus,DEBILITATED,-0.5,rahu,N/A,-0.5,Tradition-specific,Mesha,Bharani
2019-07-11,England,Australia,England,8 wickets,Birmingham,ODI # 4191,rahu,N/A,0.5,saturn,NEUTRAL,-1.5,Strong,Mithuna,Punarvasu,venus,NEUTRAL,0.5,rahu,N/A,-0.5,Tradition-specific,Mesha,Bharani
2019-07-14,England,New Zealand,tied,-,Lord's,ODI # 4192,rahu,N/A,0.5,saturn,NEUTRAL,-1.5,Strong,Mithuna,Punarvasu,venus,DEBILITATED,-0.5,rahu,N/A,-0.5,Tradition-specific,Mesha,Bharani
2019-07-26,Sri Lanka,Bangladesh,Sri Lanka,91 runs,Colombo (RPS),ODI # 4193,mars,NEUTRAL,-0.5,saturn,NEUTRAL,0.5,Contradictory,Vrischika,Anuradha,ketu,N/A,0.5,rahu,N/A,-0.5,Tradition-specific,Kumbha,Purva Bhadrapada
2019-07-28,Sri Lanka,Bangladesh,Sri Lanka,7 wickets,Colombo (RPS),ODI # 4194,mars,NEUTRAL,-0.5,saturn,NEUTRAL,0.5,Contradictory,Vrischika,Anuradha,ketu,N/A,0.5,rahu,N/A,-0.5,Tradition-specific,Kumbha,Purva Bhadrapada
2019-07-31,Sri Lanka,Bangladesh,Sri Lanka,122 runs,Colombo (RPS),ODI # 4195,mars,NEUTRAL,-0.5,saturn,NEUTRAL,0.5,Contradictory,Vrischika,Anuradha,ketu,N/A,0.5,rahu,N/A,-0.5,Tradition-specific,Kumbha,Purva Bhadrapada
2019-08-14,Oman,P.N.G.,Oman,4 wickets,Aberdeen,ODI # 4198,venus,NEUTRAL,1.5,moon,NEUTRAL,-0.5,Contradictory,Meena,Purva Bhadrapada,jupiter,OWN_SIGN,1.5,mercury,EXALTED,3.5,Moderate,Makara,Uttara Ashadha
2019-08-21,Oman,P.N.G.,Oman,4 wickets,Aberdeen,ODI # 4204,venus,NEUTRAL,1.5,moon,NEUTRAL,-0.5,Contradictory,Meena,Purva Bhadrapada,jupiter,OWN_SIGN,1.5,mercury,EXALTED,3.5,Moderate,Makara,Uttara Ashadha
2019-09-13,U.S.A.,P.N.G.,U.S.A.,5 runs,Lauderhill,ODI # 4205,mars,NEUTRAL,0.5,ketu,N/A,-0.5,Tradition-specific,Makara,Dhanishta,jupiter,OWN_SIGN,1.5,mercury,EXALTED,3.5,Moderate,Makara,Uttara Ashadha
2019-09-17,U.S.A.,Namibia,U.S.A.,5 wickets,Lauderhill,ODI # 4206,mars,NEUTRAL,0.5,ketu,N/A,-0.5,Tradition-specific,Makara,Dhanishta,mars,EXALTED,1.5,venus,NEUTRAL,0.5,Strong,Dhanu,Purva Ashadha
2019-09-19,U.S.A.,P.N.G.,U.S.A.,62 runs,Lauderhill,ODI # 4207,mars,NEUTRAL,0.5,ketu,N/A,-0.5,Tradition-specific,Makara,Dhanishta,jupiter,OWN_SIGN,1.5,mercury,EXALTED,3.5,Moderate,Makara,Uttara Ashadha
2019-09-20,U.S.A.,Namibia,Namibia,139 runs,Lauderhill,ODI # 4208,mars,NEUTRAL,0.5,ketu,N/A,-0.5,Tradition-specific,Makara,Dhanishta,mars,EXALTED,1.5,venus,NEUTRAL,0.5,Strong,Dhanu,Purva Ashadha
2019-09-22,Namibia,P.N.G.,Namibia,4 wickets,Lauderhill,ODI # 4209,mars,EXALTED,1.5,venus,NEUTRAL,0.5,Strong,Dhanu,Purva Ashadha,jupiter,OWN_SIGN,1.5,mercury,EXALTED,3.5,Moderate,Makara,Uttara Ashadha
2019-09-23,Namibia,P.N.G.,Namibia,27 runs,Lauderhill,ODI # 4210,mars,EXALTED,1.5,venus,NEUTRAL,0.5,Strong,Dhanu,Purva Ashadha,jupiter,OWN_SIGN,1.5,mercury,EXALTED,3.5,Moderate,Makara,Uttara Ashadha
2019-09-30,Pakistan,Sri Lanka,Pakistan,67 runs,Karachi,ODI # 4211,venus,NEUTRAL,0.5,jupiter,NEUTRAL,-0.5,Insufficient,Mithuna,Ardra,mars,NEUTRAL,-0.5,mercury,NEUTRAL,1.5,Insufficient,Vrischika,Anuradha
2019-10-02,Pakistan,Sri Lanka,Pakistan,5 wickets,Karachi,ODI # 4212,venus,NEUTRAL,0.5,jupiter,NEUTRAL,-0.5,Insufficient,Mithuna,Ardra,mars,NEUTRAL,-0.5,mercury,NEUTRAL,1.5,Insufficient,Vrischika,Anuradha
2019-12-08,U.A.E.,U.S.A.,U.S.A.,3 wickets,Sharjah,ODI # 4216,jupiter,NEUTRAL,1.5,moon,EXALTED,3.5,Strong,Vrishabha,Krittika,mars,NEUTRAL,0.5,ketu,N/A,-0.5,Tradition-specific,Makara,Dhanishta
2019-12-12,U.A.E.,U.S.A.,U.S.A.,98 runs,ICCA Dubai,ODI # 4218,jupiter,NEUTRAL,1.5,moon,EXALTED,3.5,Strong,Vrishabha,Krittika,mars,NEUTRAL,0.5,ketu,N/A,-0.5,Tradition-specific,Makara,Dhanishta
2020-01-05,Oman,U.A.E.,Oman,5 wickets,Al Amerat,ODI # 4224,venus,NEUTRAL,1.5,moon,NEUTRAL,-0.5,Contradictory,Meena,Purva Bhadrapada,jupiter,NEUTRAL,1.5,moon,EXALTED,3.5,Strong,Vrishabha,Krittika
2020-01-06,Namibia,U.A.E.,U.A.E.,8 runs,Al Amerat,ODI # 4225,mars,EXALTED,1.5,venus,NEUTRAL,0.5,Strong,Dhanu,Purva Ashadha,jupiter,NEUTRAL,1.5,moon,EXALTED,3.5,Strong,Vrishabha,Krittika
2020-01-08,Oman,Namibia,Namibia,52 runs,Al Amerat,ODI # 4227,venus,NEUTRAL,1.5,moon,NEUTRAL,-0.5,Contradictory,Meena,Purva Bhadrapada,mars,EXALTED,1.5,venus,NEUTRAL,0.5,Strong,Dhanu,Purva Ashadha
2020-01-09,Namibia,U.A.E.,U.A.E.,8 wickets,Al Amerat,ODI # 4228,mars,EXALTED,1.5,venus,NEUTRAL,0.5,Strong,Dhanu,Purva Ashadha,jupiter,NEUTRAL,1.5,moon,EXALTED,3.5,Strong,Vrishabha,Krittika
2020-01-14,India,Australia,Australia,10 wickets,Wankhede,ODI # 4231,moon,OWN_SIGN,1.5,saturn,NEUTRAL,-0.5,Strong,Karka,Pushya,venus,NEUTRAL,0.5,rahu,N/A,-0.5,Tradition-specific,Mesha,Bharani
2020-01-17,India,Australia,India,36 runs,Rajkot,ODI # 4232,moon,OWN_SIGN,1.5,saturn,NEUTRAL,-0.5,Strong,Karka,Pushya,venus,NEUTRAL,0.5,rahu,N/A,-0.5,Tradition-specific,Mesha,Bharani
2020-01-19,India,Australia,India,7 wickets,Bengaluru,ODI # 4233,moon,OWN_SIGN,1.5,saturn,NEUTRAL,-0.5,Strong,Karka,Pushya,venus,NEUTRAL,0.5,rahu,N/A,-0.5,Tradition-specific,Mesha,Bharani
2020-02-04,South Africa,England,South Africa,7 wickets,Cape Town,ODI # 4234,moon,NEUTRAL,1.5,saturn,DEBILITATED,-2.5,Strong,Kumbha,Dhanishta,rahu,N/A,0.5,saturn,NEUTRAL,-1.5,Strong,Mithuna,Punarvasu
2020-02-05,New Zealand,India,New Zealand,4 wickets,Hamilton,ODI # 4235,venus,DEBILITATED,-0.5,rahu,N/A,-0.5,Tradition-specific,Mesha,Bharani,moon,OWN_SIGN,1.5,saturn,NEUTRAL,-0.5,Strong,Karka,Pushya
2020-02-05,Nepal,Oman,Oman,18 runs,Kirtipur,ODI # 4236,moon,NEUTRAL,-0.5,mercury,NEUTRAL,0.5,Insufficient,Mesha,Krittika,venus,NEUTRAL,1.5,moon,NEUTRAL,-0.5,Contradictory,Meena,Purva Bhadrapada
2020-02-06,Oman,U.S.A.,Oman,6 wickets,Kirtipur,ODI # 4237,venus,NEUTRAL,1.5,moon,NEUTRAL,-0.5,Contradictory,Meena,Purva Bhadrapada,mars,NEUTRAL,0.5,venus,NEUTRAL,1.5,Strong,Makara,Dhanishta
2020-02-07,South Africa,England,no result,-,Durban,ODI # 4238,moon,NEUTRAL,1.5,saturn,DEBILITATED,-2.5,Strong,Kumbha,Dhanishta,rahu,N/A,0.5,saturn,NEUTRAL,-1.5,Strong,Mithuna,Punarvasu
2020-02-08,New Zealand,India,New Zealand,22 runs,Auckland,ODI # 4239,venus,DEBILITATED,-0.5,rahu,N/A,-0.5,Tradition-specific,Mesha,Bharani,moon,OWN_SIGN,1.5,saturn,NEUTRAL,-0.5,Strong,Karka,Pushya
2020-02-08,Nepal,U.S.A.,Nepal,35 runs,Kirtipur,ODI # 4240,moon,NEUTRAL,-0.5,mercury,NEUTRAL,0.5,Insufficient,Mesha,Krittika,mars,NEUTRAL,0.5,venus,NEUTRAL,1.5,Strong,Makara,Dhanishta
2020-02-09,Nepal,Oman,Oman,8 wickets,Kirtipur,ODI # 4241,moon,NEUTRAL,-0.5,mercury,NEUTRAL,0.5,Insufficient,Mesha,Krittika,venus,NEUTRAL,1.5,moon,NEUTRAL,-0.5,Contradictory,Meena,Purva Bhadrapada
2020-02-09,South Africa,England,England,2 wickets,Johannesburg,ODI # 4242,moon,NEUTRAL,1.5,saturn,DEBILITATED,-2.5,Strong,Kumbha,Dhanishta,rahu,N/A,0.5,saturn,NEUTRAL,-1.5,Strong,Mithuna,Punarvasu
2020-02-11,New Zealand,India,New Zealand,5 wickets,Mount Maunganui,ODI # 4243,venus,DEBILITATED,-0.5,rahu,N/A,-0.5,Tradition-specific,Mesha,Bharani,moon,OWN_SIGN,1.5,saturn,NEUTRAL,-0.5,Strong,Karka,Pushya
2020-02-11,Oman,U.S.A.,Oman,92 runs,Kirtipur,ODI # 4244,venus,NEUTRAL,1.5,moon,NEUTRAL,-0.5,Contradictory,Meena,Purva Bhadrapada,mars,NEUTRAL,0.5,venus,NEUTRAL,1.5,Strong,Makara,Dhanishta
2020-02-12,Nepal,U.S.A.,Nepal,8 wickets,Kirtipur,ODI # 4245,moon,NEUTRAL,-0.5,mercury,NEUTRAL,0.5,Insufficient,Mesha,Krittika,mars,NEUTRAL,0.5,venus,NEUTRAL,1.5,Strong,Makara,Dhanishta
2020-02-29,South Africa,Australia,South Africa,74 runs,Paarl,ODI # 4248,moon,NEUTRAL,1.5,saturn,DEBILITATED,-2.5,Strong,Kumbha,Dhanishta,venus,NEUTRAL,0.5,rahu,N/A,-0.5,Tradition-specific,Mesha,Bharani
2020-03-01,Bangladesh,Zimbabwe,Bangladesh,169 runs,Sylhet,ODI # 4249,ketu,N/A,0.5,jupiter,NEUTRAL,1.5,Insufficient,Kumbha,Purva Bhadrapada,jupiter,NEUTRAL,-0.5,mercury,DEBILITATED,-1.5,Strong,Vrishabha,Rohini
2020-03-03,Bangladesh,Zimbabwe,Bangladesh,4 runs,Sylhet,ODI # 4251,ketu,N/A,0.5,jupiter,NEUTRAL,1.5,Insufficient,Kumbha,Purva Bhadrapada,jupiter,NEUTRAL,-0.5,mercury,DEBILITATED,-1.5,Strong,Vrishabha,Rohini
2020-03-04,South Africa,Australia,South Africa,6 wickets,Bloemfontein,ODI # 4252,moon,NEUTRAL,1.5,saturn,DEBILITATED,-2.5,Strong,Kumbha,Dhanishta,venus,NEUTRAL,0.5,rahu,N/A,-0.5,Tradition-specific,Mesha,Bharani
2020-03-06,Bangladesh,Zimbabwe,Bangladesh,123 runs,Sylhet,ODI # 4253,ketu,N/A,0.5,jupiter,NEUTRAL,1.5,Insufficient,Kumbha,Purva Bhadrapada,jupiter,NEUTRAL,-0.5,mercury,DEBILITATED,-1.5,Strong,Vrishabha,Rohini
2020-03-07,South Africa,Australia,South Africa,6 wickets,Potchefstroom,ODI # 4254,moon,NEUTRAL,1.5,saturn,DEBILITATED,-2.5,Strong,Kumbha,Dhanishta,venus,NEUTRAL,0.5,rahu,N/A,-0.5,Tradition-specific,Mesha,Bharani
2020-03-13,Australia,New Zealand,Australia,71 runs,Sydney,ODI # 4255,venus,NEUTRAL,0.5,rahu,N/A,-0.5,Tradition-specific,Mesha,Bharani,venus,DEBILITATED,-0.5,rahu,N/A,-0.5,Tradition-specific,Mesha,Bharani
2020-07-30,England,Ireland,England,6 wickets,Southampton,ODI # 4256,rahu,N/A,0.5,saturn,NEUTRAL,-1.5,Strong,Mithuna,Punarvasu,sun,NEUTRAL,0.5,saturn,NEUTRAL,-0.5,Strong,Mithuna,Ardra
2020-08-01,England,Ireland,England,4 wickets,Southampton,ODI # 4257,rahu,N/A,0.5,saturn,NEUTRAL,-1.5,Strong,Mithuna,Punarvasu,sun,NEUTRAL,0.5,saturn,NEUTRAL,-0.5,Strong,Mithuna,Ardra
2020-08-04,England,Ireland,Ireland,7 wickets,Southampton,ODI # 4258,rahu,N/A,0.5,saturn,NEUTRAL,-1.5,Strong,Mithuna,Punarvasu,sun,NEUTRAL,0.5,saturn,NEUTRAL,-0.5,Strong,Mithuna,Ardra
2020-09-11,England,Australia,Australia,19 runs,Manchester,ODI # 4259,rahu,N/A,0.5,saturn,NEUTRAL,-1.5,Strong,Mithuna,Punarvasu,venus,NEUTRAL,0.5,rahu,N/A,-0.5,Tradition-specific,Mesha,Bharani
2020-09-13,England,Australia,England,24 runs,Manchester,ODI # 4260,rahu,N/A,0.5,saturn,NEUTRAL,-1.5,Strong,Mithuna,Punarvasu,venus,NEUTRAL,0.5,rahu,N/A,-0.5,Tradition-specific,Mesha,Bharani
2020-09-16,England,Australia,Australia,3 wickets,Manchester,ODI # 4261,rahu,N/A,0.5,saturn,NEUTRAL,-1.5,Strong,Mithuna,Punarvasu,venus,NEUTRAL,0.5,rahu,N/A,-0.5,Tradition-specific,Mesha,Bharani
2020-10-30,Pakistan,Zimbabwe,Pakistan,26 runs,Rawalpindi,ODI # 4262,venus,NEUTRAL,0.5,saturn,NEUTRAL,-0.5,Strong,Mithuna,Ardra,jupiter,NEUTRAL,-0.5,ketu,N/A,-0.5,Tradition-specific,Vrishabha,Rohini
2020-11-01,Pakistan,Zimbabwe,Pakistan,6 wickets,Rawalpindi,ODI # 4263,venus,NEUTRAL,0.5,saturn,NEUTRAL,-0.5,Strong,Mithuna,Ardra,jupiter,NEUTRAL,-0.5,ketu,N/A,-0.5,Tradition-specific,Vrishabha,Rohini
2020-11-03,Pakistan,Zimbabwe,tied,-,Rawalpindi,ODI # 4264,venus,NEUTRAL,0.5,saturn,NEUTRAL,-0.5,Strong,Mithuna,Ardra,jupiter,NEUTRAL,-0.5,ketu,N/A,-0.5,Tradition-specific,Vrishabha,Rohini
2020-11-27,Australia,India,Australia,66 runs,Sydney,ODI # 4265,venus,NEUTRAL,0.5,rahu,N/A,-0.5,Tradition-specific,Mesha,Bharani,moon,OWN_SIGN,1.5,saturn,NEUTRAL,-0.5,Strong,Karka,Pushya
2020-11-29,Australia,India,Australia,51 runs,Sydney,ODI # 4266,venus,NEUTRAL,0.5,rahu,N/A,-0.5,Tradition-specific,Mesha,Bharani,moon,OWN_SIGN,1.5,saturn,NEUTRAL,-0.5,Strong,Karka,Pushya
2020-12-02,Australia,India,India,13 runs,Canberra,ODI # 4267,venus,NEUTRAL,0.5,rahu,N/A,-0.5,Tradition-specific,Mesha,Bharani,moon,OWN_SIGN,1.5,saturn,NEUTRAL,-0.5,Strong,Karka,Pushya
2021-01-08,U.A.E.,Ireland,U.A.E.,6 wickets,Abu Dhabi,ODI # 4268,jupiter,NEUTRAL,1.5,mars,NEUTRAL,0.5,Insufficient,Vrishabha,Krittika,sun,NEUTRAL,0.5,saturn,NEUTRAL,-0.5,Strong,Mithuna,Ardra
2021-01-18,U.A.E.,Ireland,Ireland,112 runs,Abu Dhabi,ODI # 4269,jupiter,NEUTRAL,1.5,mars,NEUTRAL,0.5,Insufficient,Vrishabha,Krittika,sun,NEUTRAL,0.5,saturn,NEUTRAL,-0.5,Strong,Mithuna,Ardra
2021-01-21,Afghanistan,Ireland,Afghanistan,16 runs,Abu Dhabi,ODI # 4271,venus,DEBILITATED,-0.5,moon,EXALTED,1.5,Strong,Vrishabha,Krittika,sun,NEUTRAL,0.5,saturn,NEUTRAL,-0.5,Strong,Mithuna,Ardra
2021-01-24,Afghanistan,Ireland,Afghanistan,7 wickets,Abu Dhabi,ODI # 4273,venus,DEBILITATED,-0.5,moon,EXALTED,1.5,Strong,Vrishabha,Krittika,sun,NEUTRAL,0.5,saturn,NEUTRAL,-0.5,Strong,Mithuna,Ardra
2021-01-26,Afghanistan,Ireland,Afghanistan,36 runs,Abu Dhabi,ODI # 4275,venus,DEBILITATED,-0.5,moon,EXALTED,1.5,Strong,Vrishabha,Krittika,sun,NEUTRAL,0.5,saturn,NEUTRAL,-0.5,Strong,Mithuna,Ardra
2021-03-20,New Zealand,Bangladesh,New Zealand,8 wickets,Dunedin,ODI # 4279,venus,DEBILITATED,-0.5,rahu,N/A,-0.5,Tradition-specific,Mesha,Bharani,ketu,N/A,0.5,saturn,DEBILITATED,-3.5,Strong,Kumbha,Purva Bhadrapada
2021-03-23,New Zealand,Bangladesh,New Zealand,5 wickets,Christchurch,ODI # 4280,venus,DEBILITATED,-0.5,rahu,N/A,-0.5,Tradition-specific,Mesha,Bharani,ketu,N/A,0.5,saturn,DEBILITATED,-3.5,Strong,Kumbha,Purva Bhadrapada
2021-03-23,India,England,India,66 runs,Pune,ODI # 4281,moon,OWN_SIGN,1.5,saturn,NEUTRAL,-0.5,Strong,Karka,Pushya,rahu,N/A,0.5,mercury,NEUTRAL,0.5,Insufficient,Mithuna,Punarvasu
2021-03-26,New Zealand,Bangladesh,New Zealand,164 runs,Wellington,ODI # 4282,venus,DEBILITATED,-0.5,rahu,N/A,-0.5,Tradition-specific,Mesha,Bharani,ketu,N/A,0.5,saturn,DEBILITATED,-3.5,Strong,Kumbha,Purva Bhadrapada
2021-03-26,India,England,England,6 wickets,Pune,ODI # 4283,moon,OWN_SIGN,1.5,saturn,NEUTRAL,-0.5,Strong,Karka,Pushya,rahu,N/A,0.5,mercury,NEUTRAL,0.5,Insufficient,Mithuna,Punarvasu
2021-03-28,India,England,India,7 runs,Pune,ODI # 4284,moon,OWN_SIGN,1.5,saturn,NEUTRAL,-0.5,Strong,Karka,Pushya,rahu,N/A,0.5,mercury,NEUTRAL,0.5,Insufficient,Mithuna,Punarvasu
2021-04-02,South Africa,Pakistan,Pakistan,3 wickets,Centurion,ODI # 4285,moon,NEUTRAL,1.5,mercury,NEUTRAL,1.5,Insufficient,Kumbha,Dhanishta,venus,NEUTRAL,0.5,saturn,NEUTRAL,-0.5,Strong,Mithuna,Ardra
2021-04-04,South Africa,Pakistan,South Africa,17 runs,Johannesburg,ODI # 4286,moon,NEUTRAL,1.5,mercury,NEUTRAL,1.5,Insufficient,Kumbha,Dhanishta,venus,NEUTRAL,0.5,saturn,NEUTRAL,-0.5,Strong,Mithuna,Ardra
2021-04-07,South Africa,Pakistan,Pakistan,28 runs,Centurion,ODI # 4287,moon,NEUTRAL,1.5,mercury,NEUTRAL,1.5,Insufficient,Kumbha,Dhanishta,venus,NEUTRAL,0.5,saturn,NEUTRAL,-0.5,Strong,Mithuna,Ardra
2021-05-23,Bangladesh,Sri Lanka,Bangladesh,33 runs,Mirpur,ODI # 4290,ketu,N/A,0.5,saturn,DEBILITATED,-3.5,Strong,Kumbha,Purva Bhadrapada,mars,NEUTRAL,-0.5,venus,NEUTRAL,1.5,Strong,Vrischika,Anuradha
2021-05-25,Bangladesh,Sri Lanka,Bangladesh,103 runs,Mirpur,ODI # 4291,ketu,N/A,0.5,saturn,DEBILITATED,-3.5,Strong,Kumbha,Purva Bhadrapada,mars,NEUTRAL,-0.5,venus,NEUTRAL,1.5,Strong,Vrischika,Anuradha
2021-05-28,Bangladesh,Sri Lanka,Sri Lanka,97 runs,Mirpur,ODI # 4292,ketu,N/A,0.5,saturn,DEBILITATED,-3.5,Strong,Kumbha,Purva Bhadrapada,mars,NEUTRAL,-0.5,venus,NEUTRAL,1.5,Strong,Vrischika,Anuradha
2021-06-02,Netherlands,Ireland,Netherlands,1 run,Utrecht,ODI # 4293,mercury,DEBILITATED,-0.5,rahu,N/A,-1.5,Tradition-specific,Vrishabha,Krittika,sun,NEUTRAL,0.5,mercury,NEUTRAL,1.5,Insufficient,Mithuna,Ardra
2021-06-04,Netherlands,Ireland,Ireland,8 wickets,Utrecht,ODI # 4294,mercury,DEBILITATED,-0.5,rahu,N/A,-1.5,Tradition-specific,Vrishabha,Krittika,sun,NEUTRAL,0.5,mercury,NEUTRAL,1.5,Insufficient,Mithuna,Ardra
2021-06-07,Netherlands,Ireland,Netherlands,4 wickets,Utrecht,ODI # 4295,mercury,DEBILITATED,-0.5,rahu,N/A,-1.5,Tradition-specific,Vrishabha,Krittika,sun,NEUTRAL,0.5,mercury,NEUTRAL,1.5,Insufficient,Mithuna,Ardra
2021-06-29,England,Sri Lanka,England,5 wickets,Chester-le-Street,ODI # 4296,rahu,N/A,0.5,mercury,NEUTRAL,0.5,Insufficient,Mithuna,Punarvasu,mars,NEUTRAL,-0.5,venus,NEUTRAL,1.5,Strong,Vrischika,Anuradha
2021-07-01,England,Sri Lanka,England,8 wickets,The Oval,ODI # 4297,rahu,N/A,0.5,mercury,NEUTRAL,0.5,Insufficient,Mithuna,Punarvasu,mars,NEUTRAL,-0.5,venus,NEUTRAL,1.5,Strong,Vrischika,Anuradha
2021-07-04,England,Sri Lanka,no result,-,Bristol,ODI # 4298,rahu,N/A,0.5,mercury,NEUTRAL,0.5,Insufficient,Mithuna,Punarvasu,mars,NEUTRAL,-0.5,venus,NEUTRAL,1.5,Strong,Vrischika,Anuradha
2021-07-08,England,Pakistan,England,9 wickets,Cardiff,ODI # 4299,rahu,N/A,0.5,mercury,NEUTRAL,0.5,Insufficient,Mithuna,Punarvasu,venus,NEUTRAL,0.5,saturn,NEUTRAL,-0.5,Strong,Mithuna,Ardra
2021-07-10,England,Pakistan,England,52 runs,Lord's,ODI # 4300,rahu,N/A,0.5,mercury,NEUTRAL,0.5,Insufficient,Mithuna,Punarvasu,venus,NEUTRAL,0.5,saturn,NEUTRAL,-0.5,Strong,Mithuna,Ardra
2021-07-11,Ireland,South Africa,no result,-,Dublin (Malahide),ODI # 4301,sun,NEUTRAL,0.5,mercury,NEUTRAL,1.5,Insufficient,Mithuna,Ardra,moon,NEUTRAL,1.5,mercury,NEUTRAL,1.5,Insufficient,Kumbha,Dhanishta
2021-07-13,Ireland,South Africa,Ireland,43 runs,Dublin (Malahide),ODI # 4302,sun,NEUTRAL,0.5,mercury,NEUTRAL,1.5,Insufficient,Mithuna,Ardra,moon,NEUTRAL,1.5,mercury,NEUTRAL,1.5,Insufficient,Kumbha,Dhanishta
2021-07-13,England,Pakistan,England,3 wickets,Birmingham,ODI # 4303,rahu,N/A,0.5,mercury,NEUTRAL,0.5,Insufficient,Mithuna,Punarvasu,venus,NEUTRAL,0.5,saturn,NEUTRAL,-0.5,Strong,Mithuna,Ardra
2021-07-16,Zimbabwe,Bangladesh,Bangladesh,155 runs,Harare,ODI # 4304,jupiter,NEUTRAL,-0.5,venus,OWN_SIGN,2.5,Strong,Vrishabha,Rohini,ketu,N/A,0.5,saturn,DEBILITATED,-3.5,Strong,Kumbha,Purva Bhadrapada
2021-07-16,Ireland,South Africa,South Africa,70 runs,Dublin (Malahide),ODI # 4305,sun,NEUTRAL,0.5,mercury,NEUTRAL,1.5,Insufficient,Mithuna,Ardra,moon,NEUTRAL,1.5,mercury,NEUTRAL,1.5,Insufficient,Kumbha,Dhanishta
2021-07-18,Zimbabwe,Bangladesh,Bangladesh,3 wickets,Harare,ODI # 4306,jupiter,NEUTRAL,-0.5,venus,OWN_SIGN,2.5,Strong,Vrishabha,Rohini,ketu,N/A,0.5,saturn,DEBILITATED,-3.5,Strong,Kumbha,Purva Bhadrapada
2021-07-18,Sri Lanka,India,India,7 wickets,Colombo (RPS),ODI # 4307,mars,NEUTRAL,-0.5,venus,NEUTRAL,1.5,Strong,Vrischika,Anuradha,moon,OWN_SIGN,1.5,mercury,NEUTRAL,0.5,Insufficient,Karka,Pushya
2021-07-20,Zimbabwe,Bangladesh,Bangladesh,5 wickets,Harare,ODI # 4308,jupiter,NEUTRAL,-0.5,venus,OWN_SIGN,2.5,Strong,Vrishabha,Rohini,ketu,N/A,0.5,saturn,DEBILITATED,-3.5,Strong,Kumbha,Purva Bhadrapada
2021-07-20,Sri Lanka,India,India,3 wickets,Colombo (RPS),ODI # 4309,mars,NEUTRAL,-0.5,venus,NEUTRAL,1.5,Strong,Vrischika,Anuradha,moon,OWN_SIGN,1.5,mercury,NEUTRAL,0.5,Insufficient,Karka,Pushya
2021-07-23,Sri Lanka,India,Sri Lanka,3 wickets,Colombo (RPS),ODI # 4312,mars,NEUTRAL,-0.5,venus,NEUTRAL,1.5,Strong,Vrischika,Anuradha,moon,OWN_SIGN,1.5,mercury,NEUTRAL,0.5,Insufficient,Karka,Pushya
2021-09-02,Sri Lanka,South Africa,Sri Lanka,14 runs,Colombo (RPS),ODI # 4314,mars,NEUTRAL,-0.5,venus,NEUTRAL,1.5,Strong,Vrischika,Anuradha,moon,NEUTRAL,1.5,mercury,NEUTRAL,1.5,Insufficient,Kumbha,Dhanishta
2021-09-04,Sri Lanka,South Africa,South Africa,67 runs,Colombo (RPS),ODI # 4315,mars,NEUTRAL,-0.5,venus,NEUTRAL,1.5,Strong,Vrischika,Anuradha,moon,NEUTRAL,1.5,mercury,NEUTRAL,1.5,Insufficient,Kumbha,Dhanishta
2021-09-06,P.N.G.,U.S.A.,U.S.A.,7 wickets,Al Amerat,ODI # 4316,jupiter,OWN_SIGN,1.5,venus,NEUTRAL,1.5,Strong,Makara,Uttara Ashadha,mars,NEUTRAL,0.5,moon,NEUTRAL,0.5,Strong,Makara,Dhanishta
2021-09-07,Nepal,P.N.G.,Nepal,2 wickets,Al Amerat,ODI # 4317,moon,NEUTRAL,-0.5,venus,NEUTRAL,1.5,Strong,Mesha,Krittika,jupiter,OWN_SIGN,1.5,venus,NEUTRAL,1.5,Strong,Makara,Uttara Ashadha
2021-09-07,Sri Lanka,South Africa,Sri Lanka,78 runs,Colombo (RPS),ODI # 4318,mars,NEUTRAL,-0.5,venus,NEUTRAL,1.5,Strong,Vrischika,Anuradha,moon,NEUTRAL,1.5,mercury,NEUTRAL,1.5,Insufficient,Kumbha,Dhanishta
2021-09-08,Ireland,Zimbabwe,Zimbabwe,38 runs,Belfast,ODI # 4319,sun,NEUTRAL,0.5,mercury,NEUTRAL,1.5,Insufficient,Mithuna,Ardra,jupiter,NEUTRAL,-0.5,venus,OWN_SIGN,2.5,Strong,Vrishabha,Rohini
2021-09-09,P.N.G.,U.S.A.,U.S.A.,134 runs,Al Amerat,ODI # 4320,jupiter,OWN_SIGN,1.5,venus,NEUTRAL,1.5,Strong,Makara,Uttara Ashadha,mars,NEUTRAL,0.5,moon,NEUTRAL,0.5,Strong,Makara,Dhanishta
2021-09-10,Ireland,Zimbabwe,no result,-,Belfast,ODI # 4321,sun,NEUTRAL,0.5,mercury,NEUTRAL,1.5,Insufficient,Mithuna,Ardra,jupiter,NEUTRAL,-0.5,venus,OWN_SIGN,2.5,Strong,Vrishabha,Rohini
2021-09-10,Nepal,P.N.G.,Nepal,151 runs,Al Amerat,ODI # 4322,moon,NEUTRAL,-0.5,venus,NEUTRAL,1.5,Strong,Mesha,Krittika,jupiter,OWN_SIGN,1.5,venus,NEUTRAL,1.5,Strong,Makara,Uttara Ashadha
2021-09-13,Ireland,Zimbabwe,Ireland,7 wickets,Belfast,ODI # 4323,sun,NEUTRAL,0.5,mercury,NEUTRAL,1.5,Insufficient,Mithuna,Ardra,jupiter,NEUTRAL,-0.5,venus,OWN_SIGN,2.5,Strong,Vrishabha,Rohini
2021-09-13,Nepal,U.S.A.,Nepal,5 wickets,Al Amerat,ODI # 4324,moon,NEUTRAL,-0.5,venus,NEUTRAL,1.5,Strong,Mesha,Krittika,mars,NEUTRAL,0.5,moon,NEUTRAL,0.5,Strong,Makara,Dhanishta
2021-09-14,Oman,Nepal,Oman,5 wickets,Al Amerat,ODI # 4325,venus,NEUTRAL,1.5,mars,DEBILITATED,-1.5,Strong,Meena,Purva Bhadrapada,moon,NEUTRAL,-0.5,venus,NEUTRAL,1.5,Strong,Mesha,Krittika
2021-09-16,Oman,U.S.A.,Oman,4 wickets,Al Amerat,ODI # 4326,venus,NEUTRAL,1.5,mars,DEBILITATED,-1.5,Strong,Meena,Purva Bhadrapada,mars,NEUTRAL,0.5,moon,NEUTRAL,0.5,Strong,Makara,Dhanishta
2021-09-17,Nepal,U.S.A.,U.S.A.,6 wickets,Al Amerat,ODI # 4327,moon,NEUTRAL,-0.5,venus,NEUTRAL,1.5,Strong,Mesha,Krittika,mars,NEUTRAL,0.5,moon,NEUTRAL,0.5,Strong,Makara,Dhanishta
2021-09-19,Oman,Nepal,Nepal,7 wickets,Al Amerat,ODI # 4328,venus,NEUTRAL,1.5,mars,DEBILITATED,-1.5,Strong,Meena,Purva Bhadrapada,moon,NEUTRAL,-0.5,venus,NEUTRAL,1.5,Strong,Mesha,Krittika
2021-09-20,Oman,U.S.A.,Oman,72 runs,Al Amerat,ODI # 4329,venus,NEUTRAL,1.5,mars,DEBILITATED,-1.5,Strong,Meena,Purva Bhadrapada,mars,NEUTRAL,0.5,moon,NEUTRAL,0.5,Strong,Makara,Dhanishta
2021-09-26,Oman,P.N.G.,Oman,110 runs,Al Amerat,ODI # 4331,venus,NEUTRAL,1.5,mars,DEBILITATED,-1.5,Strong,Meena,Purva Bhadrapada,jupiter,OWN_SIGN,1.5,venus,NEUTRAL,1.5,Strong,Makara,Uttara Ashadha
2021-10-01,Oman,P.N.G.,Oman,3 wickets,Al Amerat,ODI # 4334,venus,NEUTRAL,1.5,mars,DEBILITATED,-1.5,Strong,Meena,Purva Bhadrapada,jupiter,OWN_SIGN,1.5,venus,NEUTRAL,1.5,Strong,Makara,Uttara Ashadha
2021-11-26,Namibia,Oman,Namibia,40 runs,Windhoek,ODI # 4336,rahu,N/A,-0.5,rahu,N/A,-0.5,Tradition-specific,Dhanu,Purva Ashadha,venus,NEUTRAL,1.5,mars,DEBILITATED,-1.5,Strong,Meena,Purva Bhadrapada
2021-11-26,South Africa,Netherlands,no result,-,Centurion,ODI # 4337,moon,NEUTRAL,1.5,mercury,NEUTRAL,1.5,Insufficient,Kumbha,Dhanishta,mercury,DEBILITATED,-0.5,jupiter,NEUTRAL,0.5,Insufficient,Vrishabha,Krittika
2021-11-27,Namibia,Oman,Oman,9 runs,Windhoek,ODI # 4338,rahu,N/A,-0.5,rahu,N/A,-0.5,Tradition-specific,Dhanu,Purva Ashadha,venus,NEUTRAL,1.5,mars,DEBILITATED,-1.5,Strong,Meena,Purva Bhadrapada
2022-01-16,Sri Lanka,Zimbabwe,Sri Lanka,5 wickets,Pallekele,ODI # 4341,mars,NEUTRAL,-0.5,venus,NEUTRAL,1.5,Strong,Vrischika,Anuradha,jupiter,NEUTRAL,-0.5,venus,OWN_SIGN,2.5,Strong,Vrishabha,Rohini
2022-01-18,Sri Lanka,Zimbabwe,Zimbabwe,22 runs,Pallekele,ODI # 4343,mars,NEUTRAL,-0.5,venus,NEUTRAL,1.5,Strong,Vrischika,Anuradha,jupiter,NEUTRAL,-0.5,venus,OWN_SIGN,2.5,Strong,Vrishabha,Rohini
2022-01-19,South Africa,India,South Africa,31 runs,Paarl,ODI # 4344,moon,NEUTRAL,1.5,mercury,NEUTRAL,1.5,Insufficient,Kumbha,Dhanishta,moon,OWN_SIGN,1.5,mercury,NEUTRAL,0.5,Insufficient,Karka,Pushya
2022-01-21,Afghanistan,Netherlands,Afghanistan,36 runs,Doha,ODI # 4345,venus,DEBILITATED,-0.5,moon,EXALTED,1.5,Strong,Vrishabha,Krittika,mercury,DEBILITATED,-0.5,jupiter,NEUTRAL,0.5,Insufficient,Vrishabha,Krittika
2022-01-21,South Africa,India,South Africa,7 wickets,Paarl,ODI # 4346,moon,NEUTRAL,1.5,mercury,NEUTRAL,1.5,Insufficient,Kumbha,Dhanishta,moon,OWN_SIGN,1.5,mercury,NEUTRAL,0.5,Insufficient,Karka,Pushya
2022-01-21,Sri Lanka,Zimbabwe,Sri Lanka,184 runs,Pallekele,ODI # 4347,mars,NEUTRAL,-0.5,venus,NEUTRAL,1.5,Strong,Vrischika,Anuradha,jupiter,NEUTRAL,-0.5,venus,OWN_SIGN,2.5,Strong,Vrishabha,Rohini
2022-01-23,Afghanistan,Netherlands,Afghanistan,48 runs,Doha,ODI # 4348,venus,DEBILITATED,-0.5,moon,EXALTED,1.5,Strong,Vrishabha,Krittika,mercury,DEBILITATED,-0.5,jupiter,NEUTRAL,0.5,Insufficient,Vrishabha,Krittika
2022-01-23,South Africa,India,South Africa,4 runs,Cape Town,ODI # 4349,moon,NEUTRAL,1.5,mercury,NEUTRAL,1.5,Insufficient,Kumbha,Dhanishta,moon,OWN_SIGN,1.5,mercury,NEUTRAL,0.5,Insufficient,Karka,Pushya
2022-01-25,Afghanistan,Netherlands,Afghanistan,75 runs,Doha,ODI # 4350,venus,DEBILITATED,-0.5,moon,EXALTED,1.5,Strong,Vrishabha,Krittika,mercury,DEBILITATED,-0.5,jupiter,NEUTRAL,0.5,Insufficient,Vrishabha,Krittika
2022-02-05,Oman,U.A.E.,U.A.E.,4 wickets,Al Amerat,ODI # 4351,venus,NEUTRAL,1.5,mars,DEBILITATED,-1.5,Strong,Meena,Purva Bhadrapada,jupiter,NEUTRAL,1.5,rahu,N/A,-1.5,Tradition-specific,Vrishabha,Krittika
2022-02-06,Oman,U.A.E.,U.A.E.,4 wickets,Al Amerat,ODI # 4352,venus,NEUTRAL,1.5,mars,DEBILITATED,-1.5,Strong,Meena,Purva Bhadrapada,jupiter,NEUTRAL,1.5,rahu,N/A,-1.5,Tradition-specific,Vrishabha,Krittika
2022-02-08,Oman,U.A.E.,tied,-,Al Amerat,ODI # 4354,venus,NEUTRAL,1.5,mars,DEBILITATED,-1.5,Strong,Meena,Purva Bhadrapada,jupiter,NEUTRAL,1.5,rahu,N/A,-1.5,Tradition-specific,Vrishabha,Krittika
2022-02-23,Bangladesh,Afghanistan,Bangladesh,4 wickets,Chattogram,ODI # 4357,ketu,N/A,0.5,mercury,DEBILITATED,-0.5,Moderate,Kumbha,Purva Bhadrapada,venus,DEBILITATED,-0.5,moon,EXALTED,1.5,Strong,Vrishabha,Krittika
2022-02-25,Bangladesh,Afghanistan,Bangladesh,88 runs,Chattogram,ODI # 4358,ketu,N/A,0.5,mercury,DEBILITATED,-0.5,Moderate,Kumbha,Purva Bhadrapada,venus,DEBILITATED,-0.5,moon,EXALTED,1.5,Strong,Vrishabha,Krittika
2022-02-28,Bangladesh,Afghanistan,Afghanistan,7 wickets,Chattogram,ODI # 4359,ketu,N/A,0.5,mercury,DEBILITATED,-0.5,Moderate,Kumbha,Purva Bhadrapada,venus,DEBILITATED,-0.5,moon,EXALTED,1.5,Strong,Vrishabha,Krittika
2022-03-05,U.A.E.,Oman,Oman,12 runs,ICCA Dubai,ODI # 4360,jupiter,NEUTRAL,1.5,rahu,N/A,-1.5,Tradition-specific,Vrishabha,Krittika,venus,NEUTRAL,1.5,mars,DEBILITATED,-1.5,Strong,Meena,Purva Bhadrapada
2022-03-06,Namibia,Oman,Namibia,110 runs,ICCA Dubai,ODI # 4361,rahu,N/A,-0.5,rahu,N/A,-0.5,Tradition-specific,Dhanu,Purva Ashadha,venus,NEUTRAL,1.5,mars,DEBILITATED,-1.5,Strong,Meena,Purva Bhadrapada
2022-03-08,U.A.E.,Namibia,U.A.E.,3 wickets,ICCA Dubai,ODI # 4362,jupiter,NEUTRAL,1.5,rahu,N/A,-1.5,Tradition-specific,Vrishabha,Krittika,rahu,N/A,-0.5,rahu,N/A,-0.5,Tradition-specific,Dhanu,Purva Ashadha
2022-03-09,U.A.E.,Oman,Oman,8 runs,ICCA Dubai,ODI # 4363,jupiter,NEUTRAL,1.5,rahu,N/A,-1.5,Tradition-specific,Vrishabha,Krittika,venus,NEUTRAL,1.5,mars,DEBILITATED,-1.5,Strong,Meena,Purva Bhadrapada
2022-03-11,Namibia,Oman,Oman,7 wickets,Sharjah,ODI # 4364,rahu,N/A,-0.5,rahu,N/A,-0.5,Tradition-specific,Dhanu,Purva Ashadha,venus,NEUTRAL,1.5,mars,DEBILITATED,-1.5,Strong,Meena,Purva Bhadrapada
2022-03-12,U.A.E.,Namibia,U.A.E.,43 runs,Sharjah,ODI # 4365,jupiter,NEUTRAL,1.5,rahu,N/A,-1.5,Tradition-specific,Vrishabha,Krittika,rahu,N/A,-0.5,rahu,N/A,-0.5,Tradition-specific,Dhanu,Purva Ashadha
2022-03-14,Namibia,Oman,Namibia,5 wickets,Dubai (DSC),ODI # 4366,rahu,N/A,-0.5,rahu,N/A,-0.5,Tradition-specific,Dhanu,Purva Ashadha,venus,NEUTRAL,1.5,mars,DEBILITATED,-1.5,Strong,Meena,Purva Bhadrapada
2022-03-15,U.A.E.,P.N.G.,U.A.E.,7 wickets,Sharjah,ODI # 4367,jupiter,NEUTRAL,1.5,rahu,N/A,-1.5,Tradition-specific,Vrishabha,Krittika,jupiter,OWN_SIGN,1.5,venus,NEUTRAL,1.5,Strong,Makara,Uttara Ashadha
2022-03-16,Nepal,P.N.G.,Nepal,2 wickets,Sharjah,ODI # 4368,moon,NEUTRAL,-0.5,venus,NEUTRAL,1.5,Strong,Mesha,Krittika,jupiter,OWN_SIGN,1.5,venus,NEUTRAL,1.5,Strong,Makara,Uttara Ashadha
2022-03-18,U.A.E.,Nepal,U.A.E.,48 runs,Dubai (DSC),ODI # 4369,jupiter,NEUTRAL,1.5,rahu,N/A,-1.5,Tradition-specific,Vrishabha,Krittika,moon,NEUTRAL,-0.5,venus,NEUTRAL,1.5,Strong,Mesha,Krittika
2022-03-18,South Africa,Bangladesh,Bangladesh,38 runs,Centurion,ODI # 4370,moon,NEUTRAL,1.5,mercury,NEUTRAL,1.5,Insufficient,Kumbha,Dhanishta,ketu,N/A,0.5,mercury,DEBILITATED,-0.5,Moderate,Kumbha,Purva Bhadrapada
2022-03-19,U.A.E.,P.N.G.,P.N.G.,6 wickets,Dubai (DSC),ODI # 4371,jupiter,NEUTRAL,1.5,rahu,N/A,-1.5,Tradition-specific,Vrishabha,Krittika,jupiter,OWN_SIGN,1.5,venus,NEUTRAL,1.5,Strong,Makara,Uttara Ashadha
2022-03-20,South Africa,Bangladesh,South Africa,7 wickets,Johannesburg,ODI # 4372,moon,NEUTRAL,1.5,mercury,NEUTRAL,1.5,Insufficient,Kumbha,Dhanishta,ketu,N/A,0.5,mercury,DEBILITATED,-0.5,Moderate,Kumbha,Purva Bhadrapada
2022-03-21,U.A.E.,Nepal,U.A.E.,99 runs,Dubai (DSC),ODI # 4373,jupiter,NEUTRAL,1.5,rahu,N/A,-1.5,Tradition-specific,Vrishabha,Krittika,moon,NEUTRAL,-0.5,venus,NEUTRAL,1.5,Strong,Mesha,Krittika
2022-03-22,Nepal,P.N.G.,Nepal,7 wickets,Dubai (DSC),ODI # 4374,moon,NEUTRAL,-0.5,venus,NEUTRAL,1.5,Strong,Mesha,Krittika,jupiter,OWN_SIGN,1.5,venus,NEUTRAL,1.5,Strong,Makara,Uttara Ashadha
2022-03-23,South Africa,Bangladesh,Bangladesh,9 wickets,Centurion,ODI # 4375,moon,NEUTRAL,1.5,mercury,NEUTRAL,1.5,Insufficient,Kumbha,Dhanishta,ketu,N/A,0.5,mercury,DEBILITATED,-0.5,Moderate,Kumbha,Purva Bhadrapada
2022-03-25,Nepal,P.N.G.,P.N.G.,6 runs,Kirtipur,ODI # 4376,moon,NEUTRAL,-0.5,venus,NEUTRAL,1.5,Strong,Mesha,Krittika,jupiter,OWN_SIGN,1.5,venus,NEUTRAL,1.5,Strong,Makara,Uttara Ashadha
2022-03-26,Nepal,P.N.G.,P.N.G.,3 wickets,Kirtipur,ODI # 4377,moon,NEUTRAL,-0.5,venus,NEUTRAL,1.5,Strong,Mesha,Krittika,jupiter,OWN_SIGN,1.5,venus,NEUTRAL,1.5,Strong,Makara,Uttara Ashadha
2022-03-29,New Zealand,Netherlands,New Zealand,7 wickets,Mount Maunganui,ODI # 4378,venus,DEBILITATED,-0.5,jupiter,EXALTED,2.5,Strong,Mesha,Bharani,mercury,DEBILITATED,-0.5,jupiter,NEUTRAL,0.5,Insufficient,Vrishabha,Krittika
2022-03-29,Pakistan,Australia,Australia,88 runs,Lahore,ODI # 4379,venus,NEUTRAL,0.5,saturn,NEUTRAL,-0.5,Strong,Mithuna,Ardra,venus,NEUTRAL,0.5,jupiter,OWN_SIGN,2.5,Moderate,Mesha,Bharani
2022-03-31,Pakistan,Australia,Pakistan,6 wickets,Lahore,ODI # 4380,venus,NEUTRAL,0.5,saturn,NEUTRAL,-0.5,Strong,Mithuna,Ardra,venus,NEUTRAL,0.5,jupiter,OWN_SIGN,2.5,Moderate,Mesha,Bharani
2022-04-02,New Zealand,Netherlands,New Zealand,118 runs,Hamilton,ODI # 4381,venus,DEBILITATED,-0.5,jupiter,EXALTED,2.5,Strong,Mesha,Bharani,mercury,DEBILITATED,-0.5,jupiter,NEUTRAL,0.5,Insufficient,Vrishabha,Krittika
2022-04-02,Pakistan,Australia,Pakistan,9 wickets,Lahore,ODI # 4382,venus,NEUTRAL,0.5,saturn,NEUTRAL,-0.5,Strong,Mithuna,Ardra,venus,NEUTRAL,0.5,jupiter,OWN_SIGN,2.5,Moderate,Mesha,Bharani
2022-04-04,New Zealand,Netherlands,New Zealand,115 runs,Hamilton,ODI # 4383,venus,DEBILITATED,-0.5,jupiter,EXALTED,2.5,Strong,Mesha,Bharani,mercury,DEBILITATED,-0.5,jupiter,NEUTRAL,0.5,Insufficient,Vrishabha,Krittika
2022-04-12,Oman,P.N.G.,Oman,7 wickets,Dubai (DSC),ODI # 4386,venus,NEUTRAL,1.5,mars,DEBILITATED,-1.5,Strong,Meena,Purva Bhadrapada,jupiter,OWN_SIGN,1.5,venus,NEUTRAL,1.5,Strong,Makara,Uttara Ashadha
2022-04-16,Oman,P.N.G.,Oman,85 runs,Dubai (DSC),ODI # 4389,venus,NEUTRAL,1.5,mars,DEBILITATED,-1.5,Strong,Meena,Purva Bhadrapada,jupiter,OWN_SIGN,1.5,venus,NEUTRAL,1.5,Strong,Makara,Uttara Ashadha
2022-06-01,U.S.A.,U.A.E.,U.S.A.,4 wickets,Pearland,ODI # 4394,rahu,N/A,0.5,rahu,N/A,0.5,Tradition-specific,Makara,Dhanishta,jupiter,NEUTRAL,1.5,rahu,N/A,-1.5,Tradition-specific,Vrishabha,Krittika
2022-06-04,Zimbabwe,Afghanistan,Afghanistan,60 runs,Harare,ODI # 4397,jupiter,NEUTRAL,-0.5,venus,OWN_SIGN,2.5,Strong,Vrishabha,Rohini,venus,DEBILITATED,-0.5,mars,DEBILITATED,-2.5,Strong,Vrishabha,Krittika
2022-06-04,U.S.A.,U.A.E.,U.A.E.,8 wickets,Pearland,ODI # 4399,rahu,N/A,0.5,rahu,N/A,0.5,Tradition-specific,Makara,Dhanishta,jupiter,NEUTRAL,1.5,rahu,N/A,-1.5,Tradition-specific,Vrishabha,Krittika
2022-06-06,Zimbabwe,Afghanistan,Afghanistan,8 wickets,Harare,ODI # 4400,jupiter,NEUTRAL,-0.5,venus,OWN_SIGN,2.5,Strong,Vrishabha,Rohini,venus,DEBILITATED,-0.5,mars,DEBILITATED,-2.5,Strong,Vrishabha,Krittika
2022-06-08,U.S.A.,Oman,U.S.A.,114 runs,Pearland,ODI # 4402,rahu,N/A,0.5,rahu,N/A,0.5,Tradition-specific,Makara,Dhanishta,venus,NEUTRAL,1.5,rahu,N/A,-0.5,Tradition-specific,Meena,Purva Bhadrapada
2022-06-09,Zimbabwe,Afghanistan,Afghanistan,4 wickets,Harare,ODI # 4403,jupiter,NEUTRAL,-0.5,venus,OWN_SIGN,2.5,Strong,Vrishabha,Rohini,venus,DEBILITATED,-0.5,mars,DEBILITATED,-2.5,Strong,Vrishabha,Krittika
2022-06-09,Nepal,Oman,Oman,13 runs,Pearland,ODI # 4404,moon,NEUTRAL,-0.5,venus,NEUTRAL,1.5,Strong,Mesha,Krittika,venus,NEUTRAL,1.5,rahu,N/A,-0.5,Tradition-specific,Meena,Purva Bhadrapada
2022-06-11,U.S.A.,Nepal,tied,-,Pearland,ODI # 4406,rahu,N/A,0.5,rahu,N/A,0.5,Tradition-specific,Makara,Dhanishta,moon,NEUTRAL,-0.5,venus,NEUTRAL,1.5,Strong,Mesha,Krittika
2022-06-12,U.S.A.,Oman,Oman,13 runs,Pearland,ODI # 4408,rahu,N/A,0.5,rahu,N/A,0.5,Tradition-specific,Makara,Dhanishta,venus,NEUTRAL,1.5,rahu,N/A,-0.5,Tradition-specific,Meena,Purva Bhadrapada
2022-06-14,Sri Lanka,Australia,Australia,2 wickets,Pallekele,ODI # 4409,mars,NEUTRAL,-0.5,sun,NEUTRAL,0.5,Contradictory,Vrischika,Anuradha,venus,NEUTRAL,0.5,jupiter,OWN_SIGN,2.5,Moderate,Mesha,Bharani
2022-06-14,Nepal,Oman,Nepal,7 wickets,Pearland,ODI # 4410,moon,NEUTRAL,-0.5,venus,NEUTRAL,1.5,Strong,Mesha,Krittika,venus,NEUTRAL,1.5,rahu,N/A,-0.5,Tradition-specific,Meena,Purva Bhadrapada
2022-06-15,U.S.A.,Nepal,U.S.A.,39 runs,Pearland,ODI # 4411,rahu,N/A,0.5,rahu,N/A,0.5,Tradition-specific,Makara,Dhanishta,moon,NEUTRAL,-0.5,venus,NEUTRAL,1.5,Strong,Mesha,Krittika
2022-06-16,Sri Lanka,Australia,Sri Lanka,26 runs,Pallekele,ODI # 4412,mars,NEUTRAL,-0.5,sun,NEUTRAL,0.5,Contradictory,Vrischika,Anuradha,venus,NEUTRAL,0.5,jupiter,OWN_SIGN,2.5,Moderate,Mesha,Bharani
2022-06-17,Netherlands,England,England,232 runs,Amstelveen,ODI # 4413,mercury,DEBILITATED,-0.5,jupiter,NEUTRAL,0.5,Insufficient,Vrishabha,Krittika,rahu,N/A,0.5,mercury,NEUTRAL,0.5,Insufficient,Mithuna,Punarvasu
2022-06-19,Netherlands,England,England,6 wickets,Amstelveen,ODI # 4414,mercury,DEBILITATED,-0.5,jupiter,NEUTRAL,0.5,Insufficient,Vrishabha,Krittika,rahu,N/A,0.5,mercury,NEUTRAL,0.5,Insufficient,Mithuna,Punarvasu
2022-06-19,Sri Lanka,Australia,Sri Lanka,6 wickets,Colombo (RPS),ODI # 4415,mars,NEUTRAL,-0.5,sun,NEUTRAL,0.5,Contradictory,Vrischika,Anuradha,venus,NEUTRAL,0.5,jupiter,OWN_SIGN,2.5,Moderate,Mesha,Bharani
2022-06-21,Sri Lanka,Australia,Sri Lanka,4 runs,Colombo (RPS),ODI # 4416,mars,NEUTRAL,-0.5,sun,NEUTRAL,0.5,Contradictory,Vrischika,Anuradha,venus,NEUTRAL,0.5,jupiter,OWN_SIGN,2.5,Moderate,Mesha,Bharani
2022-06-22,Netherlands,England,England,8 wickets,Amstelveen,ODI # 4417,mercury,DEBILITATED,-0.5,jupiter,NEUTRAL,0.5,Insufficient,Vrishabha,Krittika,rahu,N/A,0.5,mercury,NEUTRAL,0.5,Insufficient,Mithuna,Punarvasu
2022-06-24,Sri Lanka,Australia,Australia,4 wickets,Colombo (RPS),ODI # 4418,mars,NEUTRAL,-0.5,sun,NEUTRAL,0.5,Contradictory,Vrischika,Anuradha,venus,NEUTRAL,0.5,jupiter,OWN_SIGN,2.5,Moderate,Mesha,Bharani
2022-07-10,Ireland,New Zealand,New Zealand,1 wicket,Dublin (Malahide),ODI # 4419,sun,NEUTRAL,0.5,venus,NEUTRAL,1.5,Strong,Mithuna,Ardra,venus,DEBILITATED,-0.5,jupiter,EXALTED,2.5,Strong,Mesha,Bharani
2022-07-11,Namibia,Nepal,Namibia,40 runs,Ayr,ODI # 4422,rahu,N/A,-0.5,rahu,N/A,-0.5,Tradition-specific,Dhanu,Purva Ashadha,moon,NEUTRAL,-0.5,venus,NEUTRAL,1.5,Strong,Mesha,Krittika
2022-07-12,Ireland,New Zealand,New Zealand,3 wickets,Dublin (Malahide),ODI # 4423,sun,NEUTRAL,0.5,venus,NEUTRAL,1.5,Strong,Mithuna,Ardra,venus,DEBILITATED,-0.5,jupiter,EXALTED,2.5,Strong,Mesha,Bharani
2022-07-12,England,India,India,10 wickets,The Oval,ODI # 4424,rahu,N/A,0.5,mercury,NEUTRAL,0.5,Insufficient,Mithuna,Punarvasu,moon,OWN_SIGN,1.5,mercury,NEUTRAL,0.5,Insufficient,Karka,Pushya
2022-07-14,England,India,England,100 runs,Lord's,ODI # 4428,rahu,N/A,0.5,mercury,NEUTRAL,0.5,Insufficient,Mithuna,Punarvasu,moon,OWN_SIGN,1.5,mercury,NEUTRAL,0.5,Insufficient,Karka,Pushya
2022-07-15,Ireland,New Zealand,New Zealand,1 run,Dublin (Malahide),ODI # 4429,sun,NEUTRAL,0.5,venus,NEUTRAL,1.5,Strong,Mithuna,Ardra,venus,DEBILITATED,-0.5,jupiter,EXALTED,2.5,Strong,Mesha,Bharani
2022-07-16,Namibia,Nepal,Namibia,63 runs,Ayr,ODI # 4430,rahu,N/A,-0.5,rahu,N/A,-0.5,Tradition-specific,Dhanu,Purva Ashadha,moon,NEUTRAL,-0.5,venus,NEUTRAL,1.5,Strong,Mesha,Krittika
2022-07-17,England,India,India,5 wickets,Manchester,ODI # 4433,rahu,N/A,0.5,mercury,NEUTRAL,0.5,Insufficient,Mithuna,Punarvasu,moon,OWN_SIGN,1.5,mercury,NEUTRAL,0.5,Insufficient,Karka,Pushya
2022-07-19,England,South Africa,South Africa,62 runs,Chester-le-Street,ODI # 4434,rahu,N/A,0.5,mercury,NEUTRAL,0.5,Insufficient,Mithuna,Punarvasu,moon,NEUTRAL,1.5,ketu,N/A,0.5,Tradition-specific,Kumbha,Dhanishta
2022-07-22,England,South Africa,England,118 runs,Manchester,ODI # 4435,rahu,N/A,0.5,mercury,NEUTRAL,0.5,Insufficient,Mithuna,Punarvasu,moon,NEUTRAL,1.5,ketu,N/A,0.5,Tradition-specific,Kumbha,Dhanishta
2022-07-24,England,South Africa,no result,-,Leeds,ODI # 4437,rahu,N/A,0.5,mercury,NEUTRAL,0.5,Insufficient,Mithuna,Punarvasu,moon,NEUTRAL,1.5,ketu,N/A,0.5,Tradition-specific,Kumbha,Dhanishta
2022-08-05,Zimbabwe,Bangladesh,Zimbabwe,5 wickets,Harare,ODI # 4441,jupiter,NEUTRAL,-0.5,venus,OWN_SIGN,2.5,Strong,Vrishabha,Rohini,ketu,N/A,0.5,mercury,DEBILITATED,-0.5,Moderate,Kumbha,Purva Bhadrapada
2022-08-07,Zimbabwe,Bangladesh,Zimbabwe,5 wickets,Harare,ODI # 4442,jupiter,NEUTRAL,-0.5,venus,OWN_SIGN,2.5,Strong,Vrishabha,Rohini,ketu,N/A,0.5,mercury,DEBILITATED,-0.5,Moderate,Kumbha,Purva Bhadrapada
2022-08-10,Zimbabwe,Bangladesh,Bangladesh,105 runs,Harare,ODI # 4443,jupiter,NEUTRAL,-0.5,venus,OWN_SIGN,2.5,Strong,Vrishabha,Rohini,ketu,N/A,0.5,mercury,DEBILITATED,-0.5,Moderate,Kumbha,Purva Bhadrapada
2022-08-11,U.A.E.,U.S.A.,U.S.A.,1 wicket,Aberdeen,ODI # 4445,jupiter,NEUTRAL,1.5,rahu,N/A,-1.5,Tradition-specific,Vrishabha,Krittika,rahu,N/A,0.5,rahu,N/A,0.5,Tradition-specific,Makara,Dhanishta
2022-08-16,Netherlands,Pakistan,Pakistan,16 runs,Rotterdam,ODI # 4448,mercury,DEBILITATED,-0.5,jupiter,NEUTRAL,0.5,Insufficient,Vrishabha,Krittika,venus,NEUTRAL,0.5,saturn,NEUTRAL,-0.5,Strong,Mithuna,Ardra
2022-08-18,Zimbabwe,India,India,10 wickets,Harare,ODI # 4451,jupiter,NEUTRAL,-0.5,venus,OWN_SIGN,2.5,Strong,Vrishabha,Rohini,moon,OWN_SIGN,1.5,mercury,NEUTRAL,0.5,Insufficient,Karka,Pushya
2022-08-18,Netherlands,Pakistan,Pakistan,7 wickets,Rotterdam,ODI # 4452,mercury,DEBILITATED,-0.5,jupiter,NEUTRAL,0.5,Insufficient,Vrishabha,Krittika,venus,NEUTRAL,0.5,saturn,NEUTRAL,-0.5,Strong,Mithuna,Ardra
2022-08-20,Zimbabwe,India,India,5 wickets,Harare,ODI # 4454,jupiter,NEUTRAL,-0.5,venus,OWN_SIGN,2.5,Strong,Vrishabha,Rohini,moon,OWN_SIGN,1.5,mercury,NEUTRAL,0.5,Insufficient,Karka,Pushya
2022-08-21,Netherlands,Pakistan,Pakistan,9 runs,Rotterdam,ODI # 4455,mercury,DEBILITATED,-0.5,jupiter,NEUTRAL,0.5,Insufficient,Vrishabha,Krittika,venus,NEUTRAL,0.5,saturn,NEUTRAL,-0.5,Strong,Mithuna,Ardra
2022-08-22,Zimbabwe,India,India,13 runs,Harare,ODI # 4457,jupiter,NEUTRAL,-0.5,venus,OWN_SIGN,2.5,Strong,Vrishabha,Rohini,moon,OWN_SIGN,1.5,mercury,NEUTRAL,0.5,Insufficient,Karka,Pushya
2022-08-28,Australia,Zimbabwe,Australia,5 wickets,Townsville,ODI # 4458,venus,NEUTRAL,0.5,jupiter,OWN_SIGN,2.5,Moderate,Mesha,Bharani,jupiter,NEUTRAL,-0.5,venus,OWN_SIGN,2.5,Strong,Vrishabha,Rohini
2022-08-31,Australia,Zimbabwe,Australia,8 wickets,Townsville,ODI # 4459,venus,NEUTRAL,0.5,jupiter,OWN_SIGN,2.5,Moderate,Mesha,Bharani,jupiter,NEUTRAL,-0.5,venus,OWN_SIGN,2.5,Strong,Vrishabha,Rohini
2022-09-03,Australia,Zimbabwe,Zimbabwe,3 wickets,Townsville,ODI # 4460,venus,NEUTRAL,0.5,jupiter,OWN_SIGN,2.5,Moderate,Mesha,Bharani,jupiter,NEUTRAL,-0.5,venus,OWN_SIGN,2.5,Strong,Vrishabha,Rohini
2022-09-06,Australia,New Zealand,Australia,2 wickets,Cairns,ODI # 4461,venus,NEUTRAL,0.5,jupiter,OWN_SIGN,2.5,Moderate,Mesha,Bharani,venus,DEBILITATED,-0.5,jupiter,EXALTED,2.5,Strong,Mesha,Bharani
2022-09-08,Australia,New Zealand,Australia,113 runs,Cairns,ODI # 4462,venus,NEUTRAL,0.5,jupiter,OWN_SIGN,2.5,Moderate,Mesha,Bharani,venus,DEBILITATED,-0.5,jupiter,EXALTED,2.5,Strong,Mesha,Bharani
2022-09-11,P.N.G.,U.S.A.,tied,-,Port Moresby,ODI # 4463,jupiter,OWN_SIGN,1.5,venus,NEUTRAL,1.5,Strong,Makara,Uttara Ashadha,rahu,N/A,0.5,rahu,N/A,0.5,Tradition-specific,Makara,Dhanishta
2022-09-11,Australia,New Zealand,Australia,25 runs,Cairns,ODI # 4464,venus,NEUTRAL,0.5,jupiter,OWN_SIGN,2.5,Moderate,Mesha,Bharani,venus,DEBILITATED,-0.5,jupiter,EXALTED,2.5,Strong,Mesha,Bharani
2022-09-13,P.N.G.,U.S.A.,P.N.G.,26 runs,Port Moresby,ODI # 4465,jupiter,OWN_SIGN,1.5,venus,NEUTRAL,1.5,Strong,Makara,Uttara Ashadha,rahu,N/A,0.5,rahu,N/A,0.5,Tradition-specific,Makara,Dhanishta
2022-09-15,Namibia,U.S.A.,Namibia,79 runs,Port Moresby,ODI # 4466,rahu,N/A,-0.5,rahu,N/A,-0.5,Tradition-specific,Dhanu,Purva Ashadha,rahu,N/A,0.5,rahu,N/A,0.5,Tradition-specific,Makara,Dhanishta
2022-09-17,Namibia,U.S.A.,Namibia,68 runs,Port Moresby,ODI # 4467,rahu,N/A,-0.5,rahu,N/A,-0.5,Tradition-specific,Dhanu,Purva Ashadha,rahu,N/A,0.5,rahu,N/A,0.5,Tradition-specific,Makara,Dhanishta
2022-09-20,P.N.G.,Namibia,Namibia,167 runs,Port Moresby,ODI # 4468,jupiter,OWN_SIGN,1.5,venus,NEUTRAL,1.5,Strong,Makara,Uttara Ashadha,rahu,N/A,-0.5,rahu,N/A,-0.5,Tradition-specific,Dhanu,Purva Ashadha
2022-09-21,P.N.G.,Namibia,Namibia,61 runs,Port Moresby,ODI # 4469,jupiter,OWN_SIGN,1.5,venus,NEUTRAL,1.5,Strong,Makara,Uttara Ashadha,rahu,N/A,-0.5,rahu,N/A,-0.5,Tradition-specific,Dhanu,Purva Ashadha
2022-10-06,India,South Africa,South Africa,9 runs,Lucknow,ODI # 4470,moon,OWN_SIGN,1.5,mercury,NEUTRAL,0.5,Insufficient,Karka,Pushya,moon,NEUTRAL,1.5,ketu,N/A,0.5,Tradition-specific,Kumbha,Dhanishta
2022-10-09,India,South Africa,India,7 wickets,Ranchi,ODI # 4471,moon,OWN_SIGN,1.5,mercury,NEUTRAL,0.5,Insufficient,Karka,Pushya,moon,NEUTRAL,1.5,ketu,N/A,0.5,Tradition-specific,Kumbha,Dhanishta
2022-10-11,India,South Africa,India,7 wickets,Delhi,ODI # 4472,moon,OWN_SIGN,1.5,mercury,NEUTRAL,0.5,Insufficient,Karka,Pushya,moon,NEUTRAL,1.5,ketu,N/A,0.5,Tradition-specific,Kumbha,Dhanishta
2022-11-14,Nepal,U.A.E.,U.A.E.,84 runs,Kirtipur,ODI # 4473,moon,NEUTRAL,-0.5,venus,NEUTRAL,1.5,Strong,Mesha,Krittika,jupiter,NEUTRAL,1.5,rahu,N/A,-1.5,Tradition-specific,Vrishabha,Krittika
2022-11-16,Nepal,U.A.E.,Nepal,3 wickets,Kirtipur,ODI # 4474,moon,NEUTRAL,-0.5,venus,NEUTRAL,1.5,Strong,Mesha,Krittika,jupiter,NEUTRAL,1.5,rahu,N/A,-1.5,Tradition-specific,Vrishabha,Krittika
2022-11-17,Australia,England,Australia,6 wickets,Adelaide,ODI # 4475,venus,NEUTRAL,0.5,jupiter,OWN_SIGN,2.5,Moderate,Mesha,Bharani,rahu,N/A,0.5,mercury,NEUTRAL,0.5,Insufficient,Mithuna,Punarvasu
2022-11-18,Nepal,U.A.E.,Nepal,6 wickets,Kirtipur,ODI # 4476,moon,NEUTRAL,-0.5,venus,NEUTRAL,1.5,Strong,Mesha,Krittika,jupiter,NEUTRAL,1.5,rahu,N/A,-1.5,Tradition-specific,Vrishabha,Krittika
2022-11-19,Australia,England,Australia,72 runs,Sydney,ODI # 4477,venus,NEUTRAL,0.5,jupiter,OWN_SIGN,2.5,Moderate,Mesha,Bharani,rahu,N/A,0.5,mercury,NEUTRAL,0.5,Insufficient,Mithuna,Punarvasu
2022-11-19,Namibia,P.N.G.,Namibia,8 wickets,Windhoek,ODI # 4478,rahu,N/A,-0.5,rahu,N/A,-0.5,Tradition-specific,Dhanu,Purva Ashadha,jupiter,OWN_SIGN,1.5,venus,NEUTRAL,1.5,Strong,Makara,Uttara Ashadha
2022-11-20,Namibia,U.S.A.,U.S.A.,71 runs,Windhoek,ODI # 4479,rahu,N/A,-0.5,rahu,N/A,-0.5,Tradition-specific,Dhanu,Purva Ashadha,rahu,N/A,0.5,rahu,N/A,0.5,Tradition-specific,Makara,Dhanishta
2022-11-22,Australia,England,Australia,221 runs,Melbourne,ODI # 4480,venus,NEUTRAL,0.5,jupiter,OWN_SIGN,2.5,Moderate,Mesha,Bharani,rahu,N/A,0.5,mercury,NEUTRAL,0.5,Insufficient,Mithuna,Punarvasu
2022-11-22,P.N.G.,U.S.A.,U.S.A.,6 wickets,Windhoek,ODI # 4481,jupiter,OWN_SIGN,1.5,venus,NEUTRAL,1.5,Strong,Makara,Uttara Ashadha,rahu,N/A,0.5,rahu,N/A,0.5,Tradition-specific,Makara,Dhanishta
2022-11-23,Namibia,P.N.G.,Namibia,3 wickets,Windhoek,ODI # 4482,rahu,N/A,-0.5,rahu,N/A,-0.5,Tradition-specific,Dhanu,Purva Ashadha,jupiter,OWN_SIGN,1.5,venus,NEUTRAL,1.5,Strong,Makara,Uttara Ashadha
2022-11-25,New Zealand,India,New Zealand,7 wickets,Auckland,ODI # 4483,venus,DEBILITATED,-0.5,jupiter,EXALTED,2.5,Strong,Mesha,Bharani,moon,OWN_SIGN,1.5,mercury,NEUTRAL,0.5,Insufficient,Karka,Pushya
2022-11-25,P.N.G.,U.S.A.,U.S.A.,35 runs,Windhoek,ODI # 4484,jupiter,OWN_SIGN,1.5,venus,NEUTRAL,1.5,Strong,Makara,Uttara Ashadha,rahu,N/A,0.5,rahu,N/A,0.5,Tradition-specific,Makara,Dhanishta
2022-11-25,Sri Lanka,Afghanistan,Afghanistan,60 runs,Pallekele,ODI # 4485,mars,NEUTRAL,-0.5,moon,DEBILITATED,-1.5,Strong,Vrischika,Anuradha,venus,DEBILITATED,-0.5,mars,DEBILITATED,-2.5,Strong,Vrishabha,Krittika
2022-11-26,Namibia,U.S.A.,Namibia,6 wickets,Windhoek,ODI # 4486,rahu,N/A,-0.5,rahu,N/A,-0.5,Tradition-specific,Dhanu,Purva Ashadha,rahu,N/A,0.5,rahu,N/A,0.5,Tradition-specific,Makara,Dhanishta
2022-11-27,New Zealand,India,no result,-,Hamilton,ODI # 4487,venus,DEBILITATED,-0.5,jupiter,EXALTED,2.5,Strong,Mesha,Bharani,moon,OWN_SIGN,1.5,mercury,NEUTRAL,0.5,Insufficient,Karka,Pushya
2022-11-27,Sri Lanka,Afghanistan,no result,-,Pallekele,ODI # 4488,mars,NEUTRAL,-0.5,moon,DEBILITATED,-1.5,Strong,Vrischika,Anuradha,venus,DEBILITATED,-0.5,mars,DEBILITATED,-2.5,Strong,Vrishabha,Krittika
2022-11-30,New Zealand,India,no result,-,Christchurch,ODI # 4489,venus,DEBILITATED,-0.5,jupiter,EXALTED,2.5,Strong,Mesha,Bharani,moon,OWN_SIGN,1.5,mercury,NEUTRAL,0.5,Insufficient,Karka,Pushya
2022-11-30,Sri Lanka,Afghanistan,Sri Lanka,4 wickets,Pallekele,ODI # 4490,mars,NEUTRAL,-0.5,moon,DEBILITATED,-1.5,Strong,Vrischika,Anuradha,venus,DEBILITATED,-0.5,mars,DEBILITATED,-2.5,Strong,Vrishabha,Krittika
2022-12-02,Namibia,Nepal,no result,-,Windhoek,ODI # 4492,rahu,N/A,-0.5,rahu,N/A,-0.5,Tradition-specific,Dhanu,Purva Ashadha,moon,NEUTRAL,-0.5,venus,NEUTRAL,1.5,Strong,Mesha,Krittika
2022-12-04,Bangladesh,India,Bangladesh,1 wicket,Mirpur,ODI # 4493,ketu,N/A,0.5,mercury,DEBILITATED,-0.5,Moderate,Kumbha,Purva Bhadrapada,moon,OWN_SIGN,1.5,mercury,NEUTRAL,0.5,Insufficient,Karka,Pushya
2022-12-07,Bangladesh,India,Bangladesh,5 runs,Mirpur,ODI # 4496,ketu,N/A,0.5,mercury,DEBILITATED,-0.5,Moderate,Kumbha,Purva Bhadrapada,moon,OWN_SIGN,1.5,mercury,NEUTRAL,0.5,Insufficient,Karka,Pushya
2022-12-07,Namibia,Nepal,Namibia,86 runs,Windhoek,ODI # 4497,rahu,N/A,-0.5,rahu,N/A,-0.5,Tradition-specific,Dhanu,Purva Ashadha,moon,NEUTRAL,-0.5,venus,NEUTRAL,1.5,Strong,Mesha,Krittika
2022-12-10,Bangladesh,India,India,227 runs,Chattogram,ODI # 4499,ketu,N/A,0.5,mercury,DEBILITATED,-0.5,Moderate,Kumbha,Purva Bhadrapada,moon,OWN_SIGN,1.5,mercury,NEUTRAL,0.5,Insufficient,Karka,Pushya
2023-01-09,Pakistan,New Zealand,Pakistan,6 wickets,Karachi,ODI # 4500,venus,NEUTRAL,0.5,saturn,NEUTRAL,-0.5,Strong,Mithuna,Ardra,venus,DEBILITATED,-0.5,jupiter,EXALTED,2.5,Strong,Mesha,Bharani
2023-01-10,India,Sri Lanka,India,67 runs,Guwahati,ODI # 4501,moon,OWN_SIGN,1.5,ketu,N/A,0.5,Tradition-specific,Karka,Pushya,mars,NEUTRAL,-0.5,moon,DEBILITATED,-1.5,Strong,Vrischika,Anuradha
2023-01-11,Pakistan,New Zealand,New Zealand,79 runs,Karachi,ODI # 4502,venus,NEUTRAL,0.5,saturn,NEUTRAL,-0.5,Strong,Mithuna,Ardra,venus,DEBILITATED,-0.5,jupiter,EXALTED,2.5,Strong,Mesha,Bharani
2023-01-12,India,Sri Lanka,India,4 wickets,Eden Gardens,ODI # 4503,moon,OWN_SIGN,1.5,ketu,N/A,0.5,Tradition-specific,Karka,Pushya,mars,NEUTRAL,-0.5,moon,DEBILITATED,-1.5,Strong,Vrischika,Anuradha
2023-01-13,Pakistan,New Zealand,New Zealand,2 wickets,Karachi,ODI # 4504,venus,NEUTRAL,0.5,saturn,NEUTRAL,-0.5,Strong,Mithuna,Ardra,venus,DEBILITATED,-0.5,jupiter,EXALTED,2.5,Strong,Mesha,Bharani
2023-01-15,India,Sri Lanka,India,317 runs,Thiruvananthapuram,ODI # 4505,moon,OWN_SIGN,1.5,ketu,N/A,0.5,Tradition-specific,Karka,Pushya,mars,NEUTRAL,-0.5,moon,DEBILITATED,-1.5,Strong,Vrischika,Anuradha
2023-01-18,Zimbabwe,Ireland,Zimbabwe,3 wickets,Harare,ODI # 4506,jupiter,NEUTRAL,-0.5,venus,OWN_SIGN,2.5,Strong,Vrishabha,Rohini,sun,NEUTRAL,0.5,venus,NEUTRAL,1.5,Strong,Mithuna,Ardra
2023-01-18,India,New Zealand,India,12 runs,Hyderabad,ODI # 4507,moon,OWN_SIGN,1.5,ketu,N/A,0.5,Tradition-specific,Karka,Pushya,venus,DEBILITATED,-0.5,jupiter,EXALTED,2.5,Strong,Mesha,Bharani
2023-01-21,Zimbabwe,Ireland,Ireland,46 runs,Harare,ODI # 4508,jupiter,NEUTRAL,-0.5,venus,OWN_SIGN,2.5,Strong,Vrishabha,Rohini,sun,NEUTRAL,0.5,venus,NEUTRAL,1.5,Strong,Mithuna,Ardra
2023-01-21,India,New Zealand,India,8 wickets,Raipur,ODI # 4509,moon,OWN_SIGN,1.5,ketu,N/A,0.5,Tradition-specific,Karka,Pushya,venus,DEBILITATED,-0.5,jupiter,EXALTED,2.5,Strong,Mesha,Bharani
2023-01-23,Zimbabwe,Ireland,no result,-,Harare,ODI # 4510,jupiter,NEUTRAL,-0.5,venus,OWN_SIGN,2.5,Strong,Vrishabha,Rohini,sun,NEUTRAL,0.5,venus,NEUTRAL,1.5,Strong,Mithuna,Ardra
2023-01-24,India,New Zealand,India,90 runs,Indore,ODI # 4511,moon,OWN_SIGN,1.5,ketu,N/A,0.5,Tradition-specific,Karka,Pushya,venus,DEBILITATED,-0.5,jupiter,EXALTED,2.5,Strong,Mesha,Bharani
2023-01-27,South Africa,England,South Africa,27 runs,Bloemfontein,ODI # 4512,moon,NEUTRAL,1.5,venus,NEUTRAL,0.5,Strong,Kumbha,Dhanishta,rahu,N/A,0.5,mercury,NEUTRAL,0.5,Insufficient,Mithuna,Punarvasu
2023-01-29,South Africa,England,South Africa,5 wickets,Bloemfontein,ODI # 4513,moon,NEUTRAL,1.5,venus,NEUTRAL,0.5,Strong,Kumbha,Dhanishta,rahu,N/A,0.5,mercury,NEUTRAL,0.5,Insufficient,Mithuna,Punarvasu
2023-02-01,South Africa,England,England,59 runs,Kimberley,ODI # 4514,moon,NEUTRAL,1.5,venus,NEUTRAL,0.5,Strong,Kumbha,Dhanishta,rahu,N/A,0.5,mercury,NEUTRAL,0.5,Insufficient,Mithuna,Punarvasu
2023-02-14,Nepal,Namibia,Nepal,2 wickets,Kirtipur,ODI # 4515,moon,NEUTRAL,-0.5,venus,NEUTRAL,1.5,Strong,Mesha,Krittika,rahu,N/A,-0.5,rahu,N/A,-0.5,Tradition-specific,Dhanu,Purva Ashadha
2023-02-18,Nepal,Namibia,Nepal,3 wickets,Kirtipur,ODI # 4518,moon,NEUTRAL,-0.5,venus,NEUTRAL,1.5,Strong,Mesha,Krittika,rahu,N/A,-0.5,rahu,N/A,-0.5,Tradition-specific,Dhanu,Purva Ashadha
2023-02-23,U.A.E.,Namibia,U.A.E.,1 wicket,Dubai (DSC),ODI # 4521,jupiter,NEUTRAL,1.5,rahu,N/A,-1.5,Tradition-specific,Vrishabha,Krittika,rahu,N/A,-0.5,rahu,N/A,-0.5,Tradition-specific,Dhanu,Purva Ashadha
2023-02-25,U.A.E.,Namibia,Namibia,7 wickets,Dubai (DSC),ODI # 4522,jupiter,NEUTRAL,1.5,rahu,N/A,-1.5,Tradition-specific,Vrishabha,Krittika,rahu,N/A,-0.5,rahu,N/A,-0.5,Tradition-specific,Dhanu,Purva Ashadha
2023-02-27,Nepal,P.N.G.,Nepal,4 wickets,Dubai (DSC),ODI # 4523,moon,NEUTRAL,-0.5,venus,NEUTRAL,1.5,Strong,Mesha,Krittika,jupiter,OWN_SIGN,1.5,venus,NEUTRAL,1.5,Strong,Makara,Uttara Ashadha
2023-02-28,U.A.E.,P.N.G.,P.N.G.,131 runs,Dubai (DSC),ODI # 4524,jupiter,NEUTRAL,1.5,rahu,N/A,-1.5,Tradition-specific,Vrishabha,Krittika,jupiter,OWN_SIGN,1.5,venus,NEUTRAL,1.5,Strong,Makara,Uttara Ashadha
2023-03-01,Bangladesh,England,England,3 wickets,Mirpur,ODI # 4525,venus,NEUTRAL,1.5,venus,NEUTRAL,1.5,Strong,Kumbha,Purva Bhadrapada,rahu,N/A,0.5,mercury,NEUTRAL,0.5,Insufficient,Mithuna,Punarvasu
2023-03-02,U.A.E.,Nepal,U.A.E.,68 runs,Dubai (DSC),ODI # 4526,jupiter,NEUTRAL,1.5,rahu,N/A,-1.5,Tradition-specific,Vrishabha,Krittika,moon,NEUTRAL,-0.5,venus,NEUTRAL,1.5,Strong,Mesha,Krittika
2023-03-03,Nepal,P.N.G.,Nepal,3 wickets,Dubai (DSC),ODI # 4527,moon,NEUTRAL,-0.5,venus,NEUTRAL,1.5,Strong,Mesha,Krittika,jupiter,OWN_SIGN,1.5,venus,NEUTRAL,1.5,Strong,Makara,Uttara Ashadha
2023-03-03,Bangladesh,England,England,132 runs,Mirpur,ODI # 4528,venus,NEUTRAL,1.5,venus,NEUTRAL,1.5,Strong,Kumbha,Purva Bhadrapada,rahu,N/A,0.5,mercury,NEUTRAL,0.5,Insufficient,Mithuna,Punarvasu
2023-03-05,U.A.E.,P.N.G.,P.N.G.,5 wickets,Dubai (DSC),ODI # 4529,jupiter,NEUTRAL,1.5,rahu,N/A,-1.5,Tradition-specific,Vrishabha,Krittika,jupiter,OWN_SIGN,1.5,venus,NEUTRAL,1.5,Strong,Makara,Uttara Ashadha
2023-03-06,U.A.E.,Nepal,Nepal,42 runs,Dubai (DSC),ODI # 4530,jupiter,NEUTRAL,1.5,rahu,N/A,-1.5,Tradition-specific,Vrishabha,Krittika,moon,NEUTRAL,-0.5,venus,NEUTRAL,1.5,Strong,Mesha,Krittika
2023-03-06,Bangladesh,England,Bangladesh,50 runs,Chattogram,ODI # 4531,venus,NEUTRAL,1.5,venus,NEUTRAL,1.5,Strong,Kumbha,Purva Bhadrapada,rahu,N/A,0.5,mercury,NEUTRAL,0.5,Insufficient,Mithuna,Punarvasu
2023-03-09,Nepal,P.N.G.,Nepal,52 runs,Kirtipur,ODI # 4532,moon,NEUTRAL,-0.5,venus,NEUTRAL,1.5,Strong,Mesha,Krittika,jupiter,OWN_SIGN,1.5,venus,NEUTRAL,1.5,Strong,Makara,Uttara Ashadha
2023-03-10,P.N.G.,U.A.E.,P.N.G.,56 runs,Kirtipur,ODI # 4533,jupiter,OWN_SIGN,1.5,venus,NEUTRAL,1.5,Strong,Makara,Uttara Ashadha,jupiter,NEUTRAL,1.5,rahu,N/A,-1.5,Tradition-specific,Vrishabha,Krittika
2023-03-12,Nepal,U.A.E.,Nepal,177 runs,Kirtipur,ODI # 4534,moon,NEUTRAL,-0.5,venus,NEUTRAL,1.5,Strong,Mesha,Krittika,jupiter,NEUTRAL,1.5,rahu,N/A,-1.5,Tradition-specific,Vrishabha,Krittika
2023-03-13,Nepal,P.N.G.,Nepal,9 wickets,Kirtipur,ODI # 4535,moon,NEUTRAL,-0.5,venus,NEUTRAL,1.5,Strong,Mesha,Krittika,jupiter,OWN_SIGN,1.5,venus,NEUTRAL,1.5,Strong,Makara,Uttara Ashadha
2023-03-15,P.N.G.,U.A.E.,U.A.E.,6 wickets,Kirtipur,ODI # 4536,jupiter,OWN_SIGN,1.5,venus,NEUTRAL,1.5,Strong,Makara,Uttara Ashadha,jupiter,NEUTRAL,1.5,rahu,N/A,-1.5,Tradition-specific,Vrishabha,Krittika
2023-03-16,Nepal,U.A.E.,Nepal,9 runs,Kirtipur,ODI # 4537,moon,NEUTRAL,-0.5,venus,NEUTRAL,1.5,Strong,Mesha,Krittika,jupiter,NEUTRAL,1.5,rahu,N/A,-1.5,Tradition-specific,Vrishabha,Krittika
2023-03-17,India,Australia,India,5 wickets,Wankhede,ODI # 4538,moon,OWN_SIGN,1.5,ketu,N/A,0.5,Tradition-specific,Karka,Pushya,venus,NEUTRAL,0.5,jupiter,OWN_SIGN,2.5,Moderate,Mesha,Bharani
2023-03-18,Bangladesh,Ireland,Bangladesh,183 runs,Sylhet,ODI # 4539,venus,NEUTRAL,1.5,venus,NEUTRAL,1.5,Strong,Kumbha,Purva Bhadrapada,sun,NEUTRAL,0.5,venus,NEUTRAL,1.5,Strong,Mithuna,Ardra
2023-03-19,India,Australia,Australia,10 wickets,Visakhapatnam,ODI # 4541,moon,OWN_SIGN,1.5,ketu,N/A,0.5,Tradition-specific,Karka,Pushya,venus,NEUTRAL,0.5,jupiter,OWN_SIGN,2.5,Moderate,Mesha,Bharani
2023-03-20,Bangladesh,Ireland,no result,-,Sylhet,ODI # 4542,venus,NEUTRAL,1.5,venus,NEUTRAL,1.5,Strong,Kumbha,Purva Bhadrapada,sun,NEUTRAL,0.5,venus,NEUTRAL,1.5,Strong,Mithuna,Ardra
2023-03-21,Zimbabwe,Netherlands,Netherlands,3 wickets,Harare,ODI # 4543,jupiter,NEUTRAL,-0.5,venus,OWN_SIGN,2.5,Strong,Vrishabha,Rohini,mercury,DEBILITATED,-0.5,jupiter,NEUTRAL,0.5,Insufficient,Vrishabha,Krittika
2023-03-22,India,Australia,Australia,21 runs,Chennai,ODI # 4545,moon,OWN_SIGN,1.5,ketu,N/A,0.5,Tradition-specific,Karka,Pushya,venus,NEUTRAL,0.5,jupiter,OWN_SIGN,2.5,Moderate,Mesha,Bharani
2023-03-23,Zimbabwe,Netherlands,Zimbabwe,1 run,Harare,ODI # 4546,jupiter,NEUTRAL,-0.5,venus,OWN_SIGN,2.5,Strong,Vrishabha,Rohini,mercury,DEBILITATED,-0.5,jupiter,NEUTRAL,0.5,Insufficient,Vrishabha,Krittika
2023-03-23,Bangladesh,Ireland,Bangladesh,10 wickets,Sylhet,ODI # 4547,venus,NEUTRAL,1.5,venus,NEUTRAL,1.5,Strong,Kumbha,Purva Bhadrapada,sun,NEUTRAL,0.5,venus,NEUTRAL,1.5,Strong,Mithuna,Ardra
2023-03-25,New Zealand,Sri Lanka,New Zealand,198 runs,Auckland,ODI # 4548,venus,DEBILITATED,-0.5,jupiter,EXALTED,2.5,Strong,Mesha,Bharani,rahu,N/A,0.5,rahu,N/A,0.5,Tradition-specific,Vrischika,Anuradha
2023-03-25,Zimbabwe,Netherlands,Zimbabwe,7 wickets,Harare,ODI # 4549,jupiter,NEUTRAL,-0.5,venus,OWN_SIGN,2.5,Strong,Vrishabha,Rohini,mercury,DEBILITATED,-0.5,jupiter,NEUTRAL,0.5,Insufficient,Vrishabha,Krittika
2023-03-26,Namibia,U.S.A.,U.S.A.,80 runs,Windhoek,ODI # 4550,rahu,N/A,-0.5,rahu,N/A,-0.5,Tradition-specific,Dhanu,Purva Ashadha,rahu,N/A,0.5,rahu,N/A,0.5,Tradition-specific,Makara,Dhanishta
2023-03-27,P.N.G.,U.A.E.,U.A.E.,21 runs,Windhoek,ODI # 4551,jupiter,OWN_SIGN,1.5,venus,NEUTRAL,1.5,Strong,Makara,Uttara Ashadha,jupiter,NEUTRAL,1.5,rahu,N/A,-1.5,Tradition-specific,Vrishabha,Krittika
2023-03-29,Canada,U.S.A.,Canada,26 runs,Windhoek,ODI # 4553,saturn,EXALTED,2.5,saturn,EXALTED,2.5,Moderate,Mithuna,Ardra,rahu,N/A,0.5,rahu,N/A,0.5,Tradition-specific,Makara,Dhanishta
2023-03-29,Namibia,P.N.G.,Namibia,48 runs,Windhoek,ODI # 4554,rahu,N/A,-0.5,rahu,N/A,-0.5,Tradition-specific,Dhanu,Purva Ashadha,jupiter,OWN_SIGN,1.5,venus,NEUTRAL,1.5,Strong,Makara,Uttara Ashadha
2023-03-30,U.A.E.,U.S.A.,U.S.A.,5 wickets,Windhoek,ODI # 4556,jupiter,NEUTRAL,1.5,rahu,N/A,-1.5,Tradition-specific,Vrishabha,Krittika,rahu,N/A,0.5,rahu,N/A,0.5,Tradition-specific,Makara,Dhanishta
2023-03-31,New Zealand,Sri Lanka,New Zealand,6 wickets,Hamilton,ODI # 4557,venus,DEBILITATED,-0.5,jupiter,EXALTED,2.5,Strong,Mesha,Bharani,rahu,N/A,0.5,rahu,N/A,0.5,Tradition-specific,Vrischika,Anuradha
2023-03-31,South Africa,Netherlands,South Africa,8 wickets,Benoni,ODI # 4558,moon,NEUTRAL,1.5,venus,NEUTRAL,0.5,Strong,Kumbha,Dhanishta,mercury,DEBILITATED,-0.5,jupiter,NEUTRAL,0.5,Insufficient,Vrishabha,Krittika
2023-04-01,Canada,U.A.E.,U.A.E.,6 wickets,Windhoek,ODI # 4559,saturn,EXALTED,2.5,saturn,EXALTED,2.5,Moderate,Mithuna,Ardra,jupiter,NEUTRAL,1.5,rahu,N/A,-1.5,Tradition-specific,Vrishabha,Krittika
2023-04-02,P.N.G.,U.S.A.,U.S.A.,117 runs,Windhoek,ODI # 4561,jupiter,OWN_SIGN,1.5,venus,NEUTRAL,1.5,Strong,Makara,Uttara Ashadha,rahu,N/A,0.5,rahu,N/A,0.5,Tradition-specific,Makara,Dhanishta
2023-04-02,Namibia,U.A.E.,U.A.E.,28 runs,Windhoek,ODI # 4562,rahu,N/A,-0.5,rahu,N/A,-0.5,Tradition-specific,Dhanu,Purva Ashadha,jupiter,NEUTRAL,1.5,rahu,N/A,-1.5,Tradition-specific,Vrishabha,Krittika
2023-04-02,South Africa,Netherlands,South Africa,146 runs,Johannesburg,ODI # 4563,moon,NEUTRAL,1.5,venus,NEUTRAL,0.5,Strong,Kumbha,Dhanishta,mercury,DEBILITATED,-0.5,jupiter,NEUTRAL,0.5,Insufficient,Vrishabha,Krittika
2023-04-04,Namibia,Canada,Namibia,111 runs,Windhoek,ODI # 4564,rahu,N/A,-0.5,rahu,N/A,-0.5,Tradition-specific,Dhanu,Purva Ashadha,saturn,EXALTED,2.5,saturn,EXALTED,2.5,Moderate,Mithuna,Ardra
2023-04-05,Canada,P.N.G.,Canada,90 runs,Windhoek,ODI # 4567,saturn,EXALTED,2.5,saturn,EXALTED,2.5,Moderate,Mithuna,Ardra,jupiter,OWN_SIGN,1.5,venus,NEUTRAL,1.5,Strong,Makara,Uttara Ashadha
2023-04-21,Nepal,Oman,Nepal,84 runs,Kirtipur,ODI # 4568,moon,NEUTRAL,-0.5,sun,NEUTRAL,0.5,Contradictory,Mesha,Krittika,venus,NEUTRAL,1.5,rahu,N/A,-0.5,Tradition-specific,Meena,Purva Bhadrapada
2023-04-27,Pakistan,New Zealand,Pakistan,5 wickets,Rawalpindi,ODI # 4569,venus,NEUTRAL,0.5,saturn,NEUTRAL,-0.5,Strong,Mithuna,Ardra,venus,DEBILITATED,-0.5,jupiter,EXALTED,2.5,Strong,Mesha,Bharani
2023-04-29,Oman,U.A.E.,U.A.E.,2 runs,Mulpani,ODI # 4570,venus,NEUTRAL,1.5,rahu,N/A,-0.5,Tradition-specific,Meena,Purva Bhadrapada,jupiter,NEUTRAL,1.5,rahu,N/A,-1.5,Tradition-specific,Vrishabha,Krittika
2023-04-29,Pakistan,New Zealand,Pakistan,7 wickets,Rawalpindi,ODI # 4571,venus,NEUTRAL,0.5,saturn,NEUTRAL,-0.5,Strong,Mithuna,Ardra,venus,DEBILITATED,-0.5,jupiter,EXALTED,2.5,Strong,Mesha,Bharani
2023-05-01,Nepal,U.A.E.,Nepal,7 wickets,Kirtipur,ODI # 4572,moon,NEUTRAL,-0.5,sun,NEUTRAL,0.5,Contradictory,Mesha,Krittika,jupiter,NEUTRAL,1.5,rahu,N/A,-1.5,Tradition-specific,Vrishabha,Krittika
2023-05-03,Pakistan,New Zealand,Pakistan,26 runs,Karachi,ODI # 4573,venus,NEUTRAL,0.5,saturn,NEUTRAL,-0.5,Strong,Mithuna,Ardra,venus,DEBILITATED,-0.5,jupiter,EXALTED,2.5,Strong,Mesha,Bharani
2023-05-05,Pakistan,New Zealand,Pakistan,102 runs,Karachi,ODI # 4574,venus,NEUTRAL,0.5,saturn,NEUTRAL,-0.5,Strong,Mithuna,Ardra,venus,DEBILITATED,-0.5,jupiter,EXALTED,2.5,Strong,Mesha,Bharani
2023-05-07,Pakistan,New Zealand,New Zealand,47 runs,Karachi,ODI # 4575,venus,NEUTRAL,0.5,saturn,NEUTRAL,-0.5,Strong,Mithuna,Ardra,venus,DEBILITATED,-0.5,jupiter,EXALTED,2.5,Strong,Mesha,Bharani
2023-05-09,Bangladesh,Ireland,no result,-,Chelmsford,ODI # 4576,venus,NEUTRAL,1.5,venus,NEUTRAL,1.5,Strong,Kumbha,Purva Bhadrapada,sun,NEUTRAL,0.5,venus,NEUTRAL,1.5,Strong,Mithuna,Ardra
2023-05-12,Bangladesh,Ireland,Bangladesh,3 wickets,Chelmsford,ODI # 4577,venus,NEUTRAL,1.5,venus,NEUTRAL,1.5,Strong,Kumbha,Purva Bhadrapada,sun,NEUTRAL,0.5,venus,NEUTRAL,1.5,Strong,Mithuna,Ardra
2023-05-14,Bangladesh,Ireland,Bangladesh,5 runs,Chelmsford,ODI # 4578,venus,NEUTRAL,1.5,venus,NEUTRAL,1.5,Strong,Kumbha,Purva Bhadrapada,sun,NEUTRAL,0.5,venus,NEUTRAL,1.5,Strong,Mithuna,Ardra
2023-06-02,Sri Lanka,Afghanistan,Afghanistan,6 wickets,Hambantota,ODI # 4579,rahu,N/A,0.5,rahu,N/A,0.5,Tradition-specific,Vrischika,Anuradha,venus,DEBILITATED,-0.5,rahu,N/A,-1.5,Tradition-specific,Vrishabha,Krittika
2023-06-04,Sri Lanka,Afghanistan,Sri Lanka,132 runs,Hambantota,ODI # 4580,rahu,N/A,0.5,rahu,N/A,0.5,Tradition-specific,Vrischika,Anuradha,venus,DEBILITATED,-0.5,rahu,N/A,-1.5,Tradition-specific,Vrishabha,Krittika
2023-06-07,Sri Lanka,Afghanistan,Sri Lanka,9 wickets,Hambantota,ODI # 4583,rahu,N/A,0.5,rahu,N/A,0.5,Tradition-specific,Vrischika,Anuradha,venus,DEBILITATED,-0.5,rahu,N/A,-1.5,Tradition-specific,Vrishabha,Krittika
2023-06-18,Zimbabwe,Nepal,Zimbabwe,8 wickets,Harare,ODI # 4585,jupiter,NEUTRAL,-0.5,venus,OWN_SIGN,2.5,Strong,Vrishabha,Rohini,moon,NEUTRAL,-0.5,sun,NEUTRAL,0.5,Contradictory,Mesha,Krittika
2023-06-19,Sri Lanka,U.A.E.,Sri Lanka,175 runs,Bulawayo,ODI # 4587,rahu,N/A,0.5,rahu,N/A,0.5,Tradition-specific,Vrischika,Anuradha,jupiter,NEUTRAL,1.5,rahu,N/A,-1.5,Tradition-specific,Vrishabha,Krittika
2023-06-19,Ireland,Oman,Oman,5 wickets,Bulawayo,ODI # 4588,moon,NEUTRAL,0.5,moon,NEUTRAL,0.5,Strong,Mithuna,Ardra,venus,NEUTRAL,1.5,rahu,N/A,-0.5,Tradition-specific,Meena,Purva Bhadrapada
2023-06-20,Zimbabwe,Netherlands,Zimbabwe,6 wickets,Harare,ODI # 4589,jupiter,NEUTRAL,-0.5,venus,OWN_SIGN,2.5,Strong,Vrishabha,Rohini,mercury,DEBILITATED,-0.5,jupiter,NEUTRAL,0.5,Insufficient,Vrishabha,Krittika
2023-06-20,Nepal,U.S.A.,Nepal,6 wickets,Harare,ODI # 4590,moon,NEUTRAL,-0.5,sun,NEUTRAL,0.5,Contradictory,Mesha,Krittika,rahu,N/A,0.5,rahu,N/A,0.5,Tradition-specific,Makara,Dhanishta
2023-06-21,Oman,U.A.E.,Oman,5 wickets,Bulawayo,ODI # 4592,venus,NEUTRAL,1.5,rahu,N/A,-0.5,Tradition-specific,Meena,Purva Bhadrapada,jupiter,NEUTRAL,1.5,rahu,N/A,-1.5,Tradition-specific,Vrishabha,Krittika
2023-06-22,Netherlands,U.S.A.,Netherlands,5 wickets,Harare,ODI # 4594,mercury,DEBILITATED,-0.5,jupiter,NEUTRAL,0.5,Insufficient,Vrishabha,Krittika,rahu,N/A,0.5,rahu,N/A,0.5,Tradition-specific,Makara,Dhanishta
2023-06-23,Oman,Sri Lanka,Sri Lanka,10 wickets,Bulawayo,ODI # 4595,venus,NEUTRAL,1.5,rahu,N/A,-0.5,Tradition-specific,Meena,Purva Bhadrapada,rahu,N/A,0.5,rahu,N/A,0.5,Tradition-specific,Vrischika,Anuradha
2023-06-24,Nepal,Netherlands,Netherlands,7 wickets,Harare,ODI # 4598,moon,NEUTRAL,-0.5,sun,NEUTRAL,0.5,Contradictory,Mesha,Krittika,mercury,DEBILITATED,-0.5,jupiter,NEUTRAL,0.5,Insufficient,Vrishabha,Krittika
2023-06-25,Ireland,Sri Lanka,Sri Lanka,133 runs,Bulawayo,ODI # 4599,moon,NEUTRAL,0.5,moon,NEUTRAL,0.5,Strong,Mithuna,Ardra,rahu,N/A,0.5,rahu,N/A,0.5,Tradition-specific,Vrischika,Anuradha
2023-06-26,Zimbabwe,U.S.A.,Zimbabwe,304 runs,Harare,ODI # 4601,jupiter,NEUTRAL,-0.5,venus,OWN_SIGN,2.5,Strong,Vrishabha,Rohini,rahu,N/A,0.5,rahu,N/A,0.5,Tradition-specific,Makara,Dhanishta
2023-06-27,Ireland,U.A.E.,Ireland,138 runs,Bulawayo,ODI # 4604,moon,NEUTRAL,0.5,moon,NEUTRAL,0.5,Strong,Mithuna,Ardra,saturn,NEUTRAL,0.5,saturn,NEUTRAL,0.5,Contradictory,Vrishabha,Krittika
2023-06-29,Zimbabwe,Oman,Zimbabwe,14 runs,Bulawayo,ODI # 4605,jupiter,NEUTRAL,-0.5,venus,OWN_SIGN,2.5,Strong,Vrishabha,Rohini,venus,NEUTRAL,1.5,rahu,N/A,-0.5,Tradition-specific,Meena,Purva Bhadrapada
2023-06-30,Netherlands,Sri Lanka,Sri Lanka,21 runs,Bulawayo,ODI # 4606,mercury,DEBILITATED,-0.5,jupiter,NEUTRAL,0.5,Insufficient,Vrishabha,Krittika,rahu,N/A,0.5,rahu,N/A,0.5,Tradition-specific,Vrischika,Anuradha
2023-06-30,Ireland,U.S.A.,Ireland,6 wickets,Harare,ODI # 4607,moon,NEUTRAL,0.5,moon,NEUTRAL,0.5,Strong,Mithuna,Ardra,rahu,N/A,0.5,rahu,N/A,0.5,Tradition-specific,Makara,Dhanishta
2023-07-02,Zimbabwe,Sri Lanka,Sri Lanka,9 wickets,Bulawayo,ODI # 4609,jupiter,NEUTRAL,-0.5,venus,OWN_SIGN,2.5,Strong,Vrishabha,Rohini,rahu,N/A,0.5,rahu,N/A,0.5,Tradition-specific,Vrischika,Anuradha
2023-07-02,Nepal,U.A.E.,Nepal,3 wickets,Harare,ODI # 4610,moon,NEUTRAL,-0.5,sun,NEUTRAL,0.5,Contradictory,Mesha,Krittika,saturn,NEUTRAL,0.5,saturn,NEUTRAL,0.5,Contradictory,Vrishabha,Krittika
2023-07-03,Netherlands,Oman,Netherlands,74 runs,Harare,ODI # 4611,mercury,DEBILITATED,-0.5,jupiter,NEUTRAL,0.5,Insufficient,Vrishabha,Krittika,venus,NEUTRAL,1.5,rahu,N/A,-0.5,Tradition-specific,Meena,Purva Bhadrapada
2023-07-04,Ireland,Nepal,Ireland,2 wickets,Harare,ODI # 4613,moon,NEUTRAL,0.5,moon,NEUTRAL,0.5,Strong,Mithuna,Ardra,moon,NEUTRAL,-0.5,sun,NEUTRAL,0.5,Contradictory,Mesha,Krittika
2023-07-05,Bangladesh,Afghanistan,Afghanistan,17 runs,Chattogram,ODI # 4615,venus,NEUTRAL,1.5,venus,NEUTRAL,1.5,Strong,Kumbha,Purva Bhadrapada,venus,DEBILITATED,-0.5,rahu,N/A,-1.5,Tradition-specific,Vrishabha,Krittika
2023-07-06,U.A.E.,U.S.A.,U.A.E.,1 run,Harare,ODI # 4617,saturn,NEUTRAL,0.5,saturn,NEUTRAL,0.5,Contradictory,Vrishabha,Krittika,rahu,N/A,0.5,rahu,N/A,0.5,Tradition-specific,Makara,Dhanishta
2023-07-08,Bangladesh,Afghanistan,Afghanistan,142 runs,Chattogram,ODI # 4619,venus,NEUTRAL,1.5,venus,NEUTRAL,1.5,Strong,Kumbha,Purva Bhadrapada,venus,DEBILITATED,-0.5,rahu,N/A,-1.5,Tradition-specific,Vrishabha,Krittika
2023-07-09,Netherlands,Sri Lanka,Sri Lanka,128 runs,Harare,ODI # 4620,mercury,DEBILITATED,-0.5,jupiter,NEUTRAL,0.5,Insufficient,Vrishabha,Krittika,rahu,N/A,0.5,rahu,N/A,0.5,Tradition-specific,Vrischika,Anuradha
2023-07-11,Bangladesh,Afghanistan,Bangladesh,7 wickets,Chattogram,ODI # 4621,venus,NEUTRAL,1.5,venus,NEUTRAL,1.5,Strong,Kumbha,Purva Bhadrapada,venus,DEBILITATED,-0.5,rahu,N/A,-1.5,Tradition-specific,Vrishabha,Krittika
2018-01-06,New Zealand,Pakistan,New Zealand,61 runs,Wellington,ODI # 3946,venus,DEBILITATED,-0.5,mars,NEUTRAL,-1.5,Insufficient,Mesha,Bharani,venus,NEUTRAL,0.5,rahu,N/A,0.5,Tradition-specific,Mithuna,Ardra
2018-01-09,New Zealand,Pakistan,New Zealand,8 wickets,Nelson,ODI # 3947,venus,DEBILITATED,-0.5,mars,NEUTRAL,-1.5,Insufficient,Mesha,Bharani,venus,NEUTRAL,0.5,rahu,N/A,0.5,Tradition-specific,Mithuna,Ardra
2018-01-11,U.A.E.,Ireland,Ireland,4 wickets,ICCA Dubai,ODI # 3948,jupiter,NEUTRAL,1.5,sun,NEUTRAL,0.5,Contradictory,Vrishabha,Krittika,sun,NEUTRAL,0.5,moon,NEUTRAL,0.5,Strong,Mithuna,Ardra
2018-01-13,New Zealand,Pakistan,New Zealand,183 runs,Dunedin,ODI # 3949,venus,DEBILITATED,-0.5,mars,NEUTRAL,-1.5,Insufficient,Mesha,Bharani,venus,NEUTRAL,0.5,rahu,N/A,0.5,Tradition-specific,Mithuna,Ardra
2018-01-13,U.A.E.,Ireland,Ireland,67 runs,ICCA Dubai,ODI # 3950,jupiter,NEUTRAL,1.5,sun,NEUTRAL,0.5,Contradictory,Vrishabha,Krittika,sun,NEUTRAL,0.5,moon,NEUTRAL,0.5,Strong,Mithuna,Ardra
2018-01-14,Australia,England,England,5 wickets,Melbourne,ODI # 3951,venus,NEUTRAL,0.5,mars,NEUTRAL,-1.5,Insufficient,Mesha,Bharani,rahu,N/A,0.5,jupiter,EXALTED,2.5,Strong,Mithuna,Punarvasu
2018-01-15,Bangladesh,Zimbabwe,Bangladesh,8 wickets,Mirpur,ODI # 3952,ketu,N/A,0.5,sun,NEUTRAL,0.5,Contradictory,Kumbha,Purva Bhadrapada,jupiter,NEUTRAL,-0.5,mercury,DEBILITATED,-1.5,Strong,Vrishabha,Rohini
2018-01-16,New Zealand,Pakistan,New Zealand,5 wickets,Hamilton,ODI # 3953,venus,DEBILITATED,-0.5,mars,NEUTRAL,-1.5,Insufficient,Mesha,Bharani,venus,NEUTRAL,0.5,rahu,N/A,0.5,Tradition-specific,Mithuna,Ardra
2018-01-17,Sri Lanka,Zimbabwe,Zimbabwe,12 runs,Mirpur,ODI # 3955,mars,NEUTRAL,-0.5,jupiter,NEUTRAL,0.5,Insufficient,Vrischika,Anuradha,jupiter,NEUTRAL,-0.5,mercury,DEBILITATED,-1.5,Strong,Vrishabha,Rohini
2018-01-19,New Zealand,Pakistan,New Zealand,15 runs,Wellington,ODI # 3957,venus,DEBILITATED,-0.5,mars,NEUTRAL,-1.5,Insufficient,Mesha,Bharani,venus,NEUTRAL,0.5,rahu,N/A,0.5,Tradition-specific,Mithuna,Ardra
2018-01-19,Australia,England,England,4 wickets,Brisbane,ODI # 3958,venus,NEUTRAL,0.5,mars,NEUTRAL,-1.5,Insufficient,Mesha,Bharani,rahu,N/A,0.5,jupiter,EXALTED,2.5,Strong,Mithuna,Punarvasu
2018-01-19,Bangladesh,Sri Lanka,Bangladesh,163 runs,Mirpur,ODI # 3959,ketu,N/A,0.5,sun,NEUTRAL,0.5,Contradictory,Kumbha,Purva Bhadrapada,mars,NEUTRAL,-0.5,jupiter,NEUTRAL,0.5,Insufficient,Vrischika,Anuradha
2018-01-21,Australia,England,England,16 runs,Sydney,ODI # 3960,venus,NEUTRAL,0.5,mars,NEUTRAL,-1.5,Insufficient,Mesha,Bharani,rahu,N/A,0.5,jupiter,EXALTED,2.5,Strong,Mithuna,Punarvasu
2018-01-21,Sri Lanka,Zimbabwe,Sri Lanka,5 wickets,Mirpur,ODI # 3962,mars,NEUTRAL,-0.5,jupiter,NEUTRAL,0.5,Insufficient,Vrischika,Anuradha,jupiter,NEUTRAL,-0.5,mercury,DEBILITATED,-1.5,Strong,Vrishabha,Rohini
2018-01-23,Bangladesh,Zimbabwe,Bangladesh,91 runs,Mirpur,ODI # 3964,ketu,N/A,0.5,moon,NEUTRAL,1.5,Strong,Kumbha,Purva Bhadrapada,jupiter,NEUTRAL,-0.5,mercury,DEBILITATED,-1.5,Strong,Vrishabha,Rohini
2018-01-25,Bangladesh,Sri Lanka,Sri Lanka,10 wickets,Mirpur,ODI # 3965,ketu,N/A,0.5,moon,NEUTRAL,1.5,Strong,Kumbha,Purva Bhadrapada,mars,NEUTRAL,-0.5,jupiter,NEUTRAL,0.5,Insufficient,Vrischika,Anuradha
2018-01-26,Australia,England,Australia,3 wickets,Adelaide,ODI # 3966,venus,NEUTRAL,0.5,mars,NEUTRAL,-1.5,Insufficient,Mesha,Bharani,rahu,N/A,0.5,jupiter,EXALTED,2.5,Strong,Mithuna,Punarvasu
2018-01-27,Bangladesh,Sri Lanka,Sri Lanka,79 runs,Mirpur,ODI # 3967,ketu,N/A,0.5,moon,NEUTRAL,1.5,Strong,Kumbha,Purva Bhadrapada,mars,NEUTRAL,-0.5,jupiter,NEUTRAL,0.5,Insufficient,Vrischika,Anuradha
2018-01-28,Australia,England,England,12 runs,Perth,ODI # 3968,venus,NEUTRAL,0.5,mars,NEUTRAL,-1.5,Insufficient,Mesha,Bharani,rahu,N/A,0.5,saturn,NEUTRAL,-1.5,Strong,Mithuna,Punarvasu
2018-02-01,South Africa,India,India,6 wickets,Durban,ODI # 3969,moon,NEUTRAL,1.5,rahu,N/A,0.5,Tradition-specific,Kumbha,Dhanishta,moon,OWN_SIGN,1.5,rahu,N/A,0.5,Tradition-specific,Karka,Pushya
2018-02-04,South Africa,India,India,9 wickets,Centurion,ODI # 3970,moon,NEUTRAL,1.5,rahu,N/A,0.5,Tradition-specific,Kumbha,Dhanishta,moon,OWN_SIGN,1.5,rahu,N/A,0.5,Tradition-specific,Karka,Pushya
2018-02-07,South Africa,India,India,124 runs,Cape Town,ODI # 3971,moon,NEUTRAL,1.5,rahu,N/A,0.5,Tradition-specific,Kumbha,Dhanishta,moon,OWN_SIGN,1.5,rahu,N/A,0.5,Tradition-specific,Karka,Pushya
2018-02-09,Afghanistan,Zimbabwe,Afghanistan,154 runs,Sharjah,ODI # 3972,venus,DEBILITATED,-0.5,venus,DEBILITATED,-0.5,Strong,Vrishabha,Krittika,jupiter,NEUTRAL,-0.5,mercury,DEBILITATED,-1.5,Strong,Vrishabha,Rohini
2018-02-10,South Africa,India,South Africa,5 wickets,Johannesburg,ODI # 3973,moon,NEUTRAL,1.5,rahu,N/A,0.5,Tradition-specific,Kumbha,Dhanishta,moon,OWN_SIGN,1.5,rahu,N/A,0.5,Tradition-specific,Karka,Pushya
2018-02-11,Afghanistan,Zimbabwe,Zimbabwe,154 runs,Sharjah,ODI # 3974,venus,DEBILITATED,-0.5,venus,DEBILITATED,-0.5,Strong,Vrishabha,Krittika,jupiter,NEUTRAL,-0.5,mercury,DEBILITATED,-1.5,Strong,Vrishabha,Rohini
2018-02-13,Afghanistan,Zimbabwe,Afghanistan,6 wickets,Sharjah,ODI # 3975,venus,DEBILITATED,-0.5,venus,DEBILITATED,-0.5,Strong,Vrishabha,Krittika,jupiter,NEUTRAL,-0.5,mercury,DEBILITATED,-1.5,Strong,Vrishabha,Rohini
2018-02-13,South Africa,India,India,73 runs,Gqeberha,ODI # 3976,moon,NEUTRAL,1.5,rahu,N/A,0.5,Tradition-specific,Kumbha,Dhanishta,moon,OWN_SIGN,1.5,rahu,N/A,0.5,Tradition-specific,Karka,Pushya
2018-02-16,Afghanistan,Zimbabwe,Afghanistan,10 wickets,Sharjah,ODI # 3977,venus,DEBILITATED,-0.5,venus,DEBILITATED,-0.5,Strong,Vrishabha,Krittika,jupiter,NEUTRAL,-0.5,mercury,DEBILITATED,-1.5,Strong,Vrishabha,Rohini
2018-02-16,South Africa,India,India,8 wickets,Centurion,ODI # 3978,moon,NEUTRAL,1.5,rahu,N/A,0.5,Tradition-specific,Kumbha,Dhanishta,moon,OWN_SIGN,1.5,rahu,N/A,0.5,Tradition-specific,Karka,Pushya
2018-02-19,Afghanistan,Zimbabwe,Afghanistan,146 runs,Sharjah,ODI # 3979,venus,DEBILITATED,-0.5,venus,DEBILITATED,-0.5,Strong,Vrishabha,Krittika,jupiter,NEUTRAL,-0.5,mercury,DEBILITATED,-1.5,Strong,Vrishabha,Rohini
2018-02-25,New Zealand,England,New Zealand,3 wickets,Hamilton,ODI # 3980,venus,DEBILITATED,-0.5,mars,NEUTRAL,-1.5,Insufficient,Mesha,Bharani,rahu,N/A,0.5,saturn,NEUTRAL,-1.5,Strong,Mithuna,Punarvasu
2018-02-28,New Zealand,England,England,6 wickets,Mount Maunganui,ODI # 3981,venus,DEBILITATED,-0.5,mars,NEUTRAL,-1.5,Insufficient,Mesha,Bharani,rahu,N/A,0.5,saturn,NEUTRAL,-1.5,Strong,Mithuna,Punarvasu
2018-03-03,New Zealand,England,England,4 runs,Wellington,ODI # 3982,venus,DEBILITATED,-0.5,mars,NEUTRAL,-1.5,Insufficient,Mesha,Bharani,rahu,N/A,0.5,saturn,NEUTRAL,-1.5,Strong,Mithuna,Punarvasu
2018-03-04,P.N.G.,U.A.E.,U.A.E.,56 runs,Harare,ODI # 3984,jupiter,OWN_SIGN,1.5,mercury,EXALTED,3.5,Moderate,Makara,Uttara Ashadha,jupiter,NEUTRAL,1.5,sun,NEUTRAL,0.5,Contradictory,Vrishabha,Krittika
2018-03-06,Ireland,P.N.G.,Ireland,4 wickets,Harare,ODI # 3986,sun,NEUTRAL,0.5,moon,NEUTRAL,0.5,Strong,Mithuna,Ardra,jupiter,OWN_SIGN,1.5,mercury,EXALTED,3.5,Moderate,Makara,Uttara Ashadha
2018-03-06,Zimbabwe,Afghanistan,Zimbabwe,2 runs,Bulawayo,ODI # 3988,jupiter,NEUTRAL,-0.5,mercury,DEBILITATED,-1.5,Strong,Vrishabha,Rohini,venus,DEBILITATED,-0.5,venus,DEBILITATED,-0.5,Strong,Vrishabha,Krittika
2018-03-07,New Zealand,England,New Zealand,5 wickets,Dunedin,ODI # 3989,venus,DEBILITATED,-0.5,mars,NEUTRAL,-1.5,Insufficient,Mesha,Bharani,rahu,N/A,0.5,saturn,NEUTRAL,-1.5,Strong,Mithuna,Punarvasu
2018-03-10,New Zealand,England,England,7 wickets,Christchurch,ODI # 3992,venus,DEBILITATED,-0.5,mars,NEUTRAL,-1.5,Insufficient,Mesha,Bharani,rahu,N/A,0.5,saturn,NEUTRAL,-1.5,Strong,Mithuna,Punarvasu
2018-03-12,Ireland,U.A.E.,Ireland,226 runs,Harare,ODI # 3995,sun,NEUTRAL,0.5,mars,NEUTRAL,0.5,Insufficient,Mithuna,Ardra,jupiter,NEUTRAL,1.5,sun,NEUTRAL,0.5,Contradictory,Vrishabha,Krittika
2018-03-16,Zimbabwe,Ireland,Zimbabwe,107 runs,Harare,ODI # 3999,jupiter,NEUTRAL,-0.5,mercury,DEBILITATED,-1.5,Strong,Vrishabha,Rohini,sun,NEUTRAL,0.5,mars,NEUTRAL,0.5,Insufficient,Mithuna,Ardra
2018-03-20,Afghanistan,U.A.E.,Afghanistan,5 wickets,Harare,ODI # 4003,venus,DEBILITATED,-0.5,venus,DEBILITATED,-0.5,Strong,Vrishabha,Krittika,jupiter,NEUTRAL,1.5,sun,NEUTRAL,0.5,Contradictory,Vrishabha,Krittika
2018-03-22,Zimbabwe,U.A.E.,U.A.E.,3 runs,Harare,ODI # 4005,jupiter,NEUTRAL,-0.5,mercury,DEBILITATED,-1.5,Strong,Vrishabha,Rohini,jupiter,NEUTRAL,1.5,sun,NEUTRAL,0.5,Contradictory,Vrishabha,Krittika
2018-03-23,Afghanistan,Ireland,Afghanistan,5 wickets,Harare,ODI # 4006,venus,DEBILITATED,-0.5,venus,DEBILITATED,-0.5,Strong,Vrishabha,Krittika,sun,NEUTRAL,0.5,mars,NEUTRAL,0.5,Insufficient,Mithuna,Ardra
2018-06-13,England,Australia,England,3 wickets,The Oval,ODI # 4009,rahu,N/A,0.5,saturn,NEUTRAL,-1.5,Strong,Mithuna,Punarvasu,venus,NEUTRAL,0.5,rahu,N/A,-0.5,Tradition-specific,Mesha,Bharani
2018-06-16,England,Australia,England,38 runs,Cardiff,ODI # 4010,rahu,N/A,0.5,saturn,NEUTRAL,-1.5,Strong,Mithuna,Punarvasu,venus,NEUTRAL,0.5,rahu,N/A,-0.5,Tradition-specific,Mesha,Bharani
2018-06-19,England,Australia,England,242 runs,Nottingham,ODI # 4011,rahu,N/A,0.5,saturn,NEUTRAL,-1.5,Strong,Mithuna,Punarvasu,venus,NEUTRAL,0.5,rahu,N/A,-0.5,Tradition-specific,Mesha,Bharani
2018-06-21,England,Australia,England,6 wickets,Chester-le-Street,ODI # 4012,rahu,N/A,0.5,saturn,NEUTRAL,-1.5,Strong,Mithuna,Punarvasu,venus,NEUTRAL,0.5,rahu,N/A,-0.5,Tradition-specific,Mesha,Bharani
2018-06-24,England,Australia,England,1 wicket,Manchester,ODI # 4013,rahu,N/A,0.5,saturn,NEUTRAL,-1.5,Strong,Mithuna,Punarvasu,venus,NEUTRAL,0.5,rahu,N/A,-0.5,Tradition-specific,Mesha,Bharani
2018-07-12,England,India,India,8 wickets,Nottingham,ODI # 4014,rahu,N/A,0.5,saturn,NEUTRAL,-1.5,Strong,Mithuna,Punarvasu,moon,OWN_SIGN,1.5,rahu,N/A,0.5,Tradition-specific,Karka,Pushya
2018-07-13,Zimbabwe,Pakistan,Pakistan,201 runs,Bulawayo,ODI # 4015,jupiter,NEUTRAL,-0.5,mercury,DEBILITATED,-1.5,Strong,Vrishabha,Rohini,venus,NEUTRAL,0.5,jupiter,NEUTRAL,-0.5,Insufficient,Mithuna,Ardra
2018-07-14,England,India,England,86 runs,Lord's,ODI # 4016,rahu,N/A,0.5,saturn,NEUTRAL,-1.5,Strong,Mithuna,Punarvasu,moon,OWN_SIGN,1.5,rahu,N/A,0.5,Tradition-specific,Karka,Pushya
2018-07-16,Zimbabwe,Pakistan,Pakistan,9 wickets,Bulawayo,ODI # 4017,jupiter,NEUTRAL,-0.5,mercury,DEBILITATED,-1.5,Strong,Vrishabha,Rohini,venus,NEUTRAL,0.5,jupiter,NEUTRAL,-0.5,Insufficient,Mithuna,Ardra
2018-07-17,England,India,England,8 wickets,Leeds,ODI # 4018,rahu,N/A,0.5,saturn,NEUTRAL,-1.5,Strong,Mithuna,Punarvasu,moon,OWN_SIGN,1.5,rahu,N/A,0.5,Tradition-specific,Karka,Pushya
2018-07-18,Zimbabwe,Pakistan,Pakistan,9 wickets,Bulawayo,ODI # 4019,jupiter,NEUTRAL,-0.5,mercury,DEBILITATED,-1.5,Strong,Vrishabha,Rohini,venus,NEUTRAL,0.5,jupiter,NEUTRAL,-0.5,Insufficient,Mithuna,Ardra
2018-07-20,Zimbabwe,Pakistan,Pakistan,244 runs,Bulawayo,ODI # 4020,jupiter,NEUTRAL,-0.5,mercury,DEBILITATED,-1.5,Strong,Vrishabha,Rohini,venus,NEUTRAL,0.5,jupiter,NEUTRAL,-0.5,Insufficient,Mithuna,Ardra
2018-07-22,Zimbabwe,Pakistan,Pakistan,131 runs,Bulawayo,ODI # 4021,jupiter,NEUTRAL,-0.5,mercury,DEBILITATED,-1.5,Strong,Vrishabha,Rohini,venus,NEUTRAL,0.5,jupiter,NEUTRAL,-0.5,Insufficient,Mithuna,Ardra
2018-07-29,Sri Lanka,South Africa,South Africa,5 wickets,Dambulla,ODI # 4025,mars,NEUTRAL,-0.5,saturn,NEUTRAL,0.5,Contradictory,Vrischika,Anuradha,moon,NEUTRAL,1.5,jupiter,NEUTRAL,-0.5,Insufficient,Kumbha,Dhanishta
2018-08-01,Netherlands,Nepal,Netherlands,55 runs,Amstelveen,ODI # 4026,mercury,DEBILITATED,-0.5,mars,NEUTRAL,-0.5,Insufficient,Vrishabha,Krittika,moon,NEUTRAL,-0.5,saturn,NEUTRAL,0.5,Contradictory,Mesha,Krittika
2018-08-01,Sri Lanka,South Africa,South Africa,4 wickets,Dambulla,ODI # 4027,mars,NEUTRAL,-0.5,saturn,NEUTRAL,0.5,Contradictory,Vrischika,Anuradha,moon,NEUTRAL,1.5,jupiter,NEUTRAL,-0.5,Insufficient,Kumbha,Dhanishta
2018-08-03,Netherlands,Nepal,Nepal,1 run,Amstelveen,ODI # 4028,mercury,DEBILITATED,-0.5,mars,NEUTRAL,-0.5,Insufficient,Vrishabha,Krittika,moon,NEUTRAL,-0.5,saturn,NEUTRAL,0.5,Contradictory,Mesha,Krittika
2018-08-05,Sri Lanka,South Africa,South Africa,78 runs,Pallekele,ODI # 4029,mars,NEUTRAL,-0.5,saturn,NEUTRAL,0.5,Contradictory,Vrischika,Anuradha,moon,NEUTRAL,1.5,jupiter,NEUTRAL,-0.5,Insufficient,Kumbha,Dhanishta
2018-08-08,Sri Lanka,South Africa,Sri Lanka,3 runs,Pallekele,ODI # 4030,mars,NEUTRAL,-0.5,saturn,NEUTRAL,0.5,Contradictory,Vrischika,Anuradha,moon,NEUTRAL,1.5,jupiter,NEUTRAL,-0.5,Insufficient,Kumbha,Dhanishta
2018-08-12,Sri Lanka,South Africa,Sri Lanka,178 runs,Colombo (RPS),ODI # 4031,mars,NEUTRAL,-0.5,saturn,NEUTRAL,0.5,Contradictory,Vrischika,Anuradha,moon,NEUTRAL,1.5,jupiter,NEUTRAL,-0.5,Insufficient,Kumbha,Dhanishta
2018-08-27,Ireland,Afghanistan,Afghanistan,29 runs,Belfast,ODI # 4032,sun,NEUTRAL,0.5,rahu,N/A,-0.5,Tradition-specific,Mithuna,Ardra,venus,DEBILITATED,-0.5,venus,DEBILITATED,-0.5,Strong,Vrishabha,Krittika
2018-08-29,Ireland,Afghanistan,Ireland,3 wickets,Belfast,ODI # 4033,sun,NEUTRAL,0.5,rahu,N/A,-0.5,Tradition-specific,Mithuna,Ardra,venus,DEBILITATED,-0.5,venus,DEBILITATED,-0.5,Strong,Vrishabha,Krittika
2018-08-30,Nepal,U.A.E.,U.A.E.,78 runs,Kuala Lumpur,ODI # 4034,moon,NEUTRAL,-0.5,saturn,NEUTRAL,0.5,Contradictory,Mesha,Krittika,jupiter,NEUTRAL,1.5,sun,NEUTRAL,0.5,Contradictory,Vrishabha,Krittika
2018-08-31,Ireland,Afghanistan,Afghanistan,8 wickets,Belfast,ODI # 4035,sun,NEUTRAL,0.5,rahu,N/A,-0.5,Tradition-specific,Mithuna,Ardra,venus,DEBILITATED,-0.5,venus,DEBILITATED,-0.5,Strong,Vrishabha,Krittika
2018-09-15,Bangladesh,Sri Lanka,Bangladesh,137 runs,Dubai (DSC),ODI # 4036,ketu,N/A,0.5,mars,NEUTRAL,-0.5,Insufficient,Kumbha,Purva Bhadrapada,mars,NEUTRAL,-0.5,saturn,NEUTRAL,0.5,Contradictory,Vrischika,Anuradha
2018-09-17,Afghanistan,Sri Lanka,Afghanistan,91 runs,Abu Dhabi,ODI # 4038,venus,DEBILITATED,-0.5,venus,DEBILITATED,-0.5,Strong,Vrishabha,Krittika,mars,NEUTRAL,-0.5,saturn,NEUTRAL,0.5,Contradictory,Vrischika,Anuradha
2018-09-19,India,Pakistan,India,8 wickets,Dubai (DSC),ODI # 4040,moon,OWN_SIGN,1.5,jupiter,NEUTRAL,-0.5,Insufficient,Karka,Pushya,venus,NEUTRAL,0.5,jupiter,NEUTRAL,-0.5,Insufficient,Mithuna,Ardra
2018-09-20,Afghanistan,Bangladesh,Afghanistan,136 runs,Abu Dhabi,ODI # 4041,venus,DEBILITATED,-0.5,venus,DEBILITATED,-0.5,Strong,Vrishabha,Krittika,ketu,N/A,0.5,mars,NEUTRAL,-0.5,Insufficient,Kumbha,Purva Bhadrapada
2018-09-21,Bangladesh,India,India,7 wickets,Dubai (DSC),ODI # 4042,ketu,N/A,0.5,mars,NEUTRAL,-0.5,Insufficient,Kumbha,Purva Bhadrapada,moon,OWN_SIGN,1.5,jupiter,NEUTRAL,-0.5,Insufficient,Karka,Pushya
2018-09-21,Afghanistan,Pakistan,Pakistan,3 wickets,Abu Dhabi,ODI # 4043,venus,DEBILITATED,-0.5,venus,DEBILITATED,-0.5,Strong,Vrishabha,Krittika,venus,NEUTRAL,0.5,jupiter,NEUTRAL,-0.5,Insufficient,Mithuna,Ardra
2018-09-23,India,Pakistan,India,9 wickets,Dubai (DSC),ODI # 4044,moon,OWN_SIGN,1.5,jupiter,NEUTRAL,-0.5,Insufficient,Karka,Pushya,venus,NEUTRAL,0.5,jupiter,NEUTRAL,-0.5,Insufficient,Mithuna,Ardra
2018-09-23,Afghanistan,Bangladesh,Bangladesh,3 runs,Abu Dhabi,ODI # 4045,venus,DEBILITATED,-0.5,venus,DEBILITATED,-0.5,Strong,Vrishabha,Krittika,ketu,N/A,0.5,mars,NEUTRAL,-0.5,Insufficient,Kumbha,Purva Bhadrapada
2018-09-25,Afghanistan,India,tied,-,Dubai (DSC),ODI # 4046,venus,DEBILITATED,-0.5,venus,DEBILITATED,-0.5,Strong,Vrishabha,Krittika,moon,OWN_SIGN,1.5,jupiter,NEUTRAL,-0.5,Insufficient,Karka,Pushya
2018-09-26,Bangladesh,Pakistan,Bangladesh,37 runs,Abu Dhabi,ODI # 4047,ketu,N/A,0.5,mars,NEUTRAL,-0.5,Insufficient,Kumbha,Purva Bhadrapada,venus,NEUTRAL,0.5,jupiter,NEUTRAL,-0.5,Insufficient,Mithuna,Ardra
2018-09-28,Bangladesh,India,India,3 wickets,Dubai (DSC),ODI # 4048,ketu,N/A,0.5,mars,NEUTRAL,-0.5,Insufficient,Kumbha,Purva Bhadrapada,moon,OWN_SIGN,1.5,jupiter,NEUTRAL,-0.5,Insufficient,Karka,Pushya
2018-09-30,South Africa,Zimbabwe,South Africa,5 wickets,Kimberley,ODI # 4049,moon,NEUTRAL,1.5,jupiter,NEUTRAL,-0.5,Insufficient,Kumbha,Dhanishta,jupiter,NEUTRAL,-0.5,mercury,DEBILITATED,-1.5,Strong,Vrishabha,Rohini
2018-10-03,South Africa,Zimbabwe,South Africa,120 runs,Bloemfontein,ODI # 4050,moon,NEUTRAL,1.5,jupiter,NEUTRAL,-0.5,Insufficient,Kumbha,Dhanishta,jupiter,NEUTRAL,-0.5,mercury,DEBILITATED,-1.5,Strong,Vrishabha,Rohini
2018-10-06,South Africa,Zimbabwe,South Africa,4 wickets,Paarl,ODI # 4051,moon,NEUTRAL,1.5,jupiter,NEUTRAL,-0.5,Insufficient,Kumbha,Dhanishta,jupiter,NEUTRAL,-0.5,mercury,DEBILITATED,-1.5,Strong,Vrishabha,Rohini
2018-10-10,Sri Lanka,England,no result,-,Dambulla,ODI # 4052,mars,NEUTRAL,-0.5,saturn,NEUTRAL,0.5,Contradictory,Vrischika,Anuradha,rahu,N/A,0.5,saturn,NEUTRAL,-1.5,Strong,Mithuna,Punarvasu
2018-10-13,Sri Lanka,England,England,31 runs,Dambulla,ODI # 4053,mars,NEUTRAL,-0.5,saturn,NEUTRAL,0.5,Contradictory,Vrischika,Anuradha,rahu,N/A,0.5,saturn,NEUTRAL,-1.5,Strong,Mithuna,Punarvasu
2018-10-17,Sri Lanka,England,England,7 wickets,Pallekele,ODI # 4054,mars,NEUTRAL,-0.5,saturn,NEUTRAL,0.5,Contradictory,Vrischika,Anuradha,rahu,N/A,0.5,saturn,NEUTRAL,-1.5,Strong,Mithuna,Punarvasu
2018-10-20,Sri Lanka,England,England,18 runs,Pallekele,ODI # 4055,mars,NEUTRAL,-0.5,saturn,NEUTRAL,0.5,Contradictory,Vrischika,Anuradha,rahu,N/A,0.5,saturn,NEUTRAL,-1.5,Strong,Mithuna,Punarvasu
2018-10-21,Bangladesh,Zimbabwe,Bangladesh,28 runs,Mirpur,ODI # 4057,ketu,N/A,0.5,mars,NEUTRAL,-0.5,Insufficient,Kumbha,Purva Bhadrapada,jupiter,NEUTRAL,-0.5,mercury,DEBILITATED,-1.5,Strong,Vrishabha,Rohini
2018-10-23,Sri Lanka,England,Sri Lanka,219 runs,Colombo (RPS),ODI # 4058,mars,NEUTRAL,-0.5,saturn,NEUTRAL,0.5,Contradictory,Vrischika,Anuradha,rahu,N/A,0.5,saturn,NEUTRAL,-1.5,Strong,Mithuna,Punarvasu
2018-10-24,Bangladesh,Zimbabwe,Bangladesh,7 wickets,Chattogram,ODI # 4060,ketu,N/A,0.5,mars,NEUTRAL,-0.5,Insufficient,Kumbha,Purva Bhadrapada,jupiter,NEUTRAL,-0.5,mercury,DEBILITATED,-1.5,Strong,Vrishabha,Rohini
2018-10-26,Bangladesh,Zimbabwe,Bangladesh,7 wickets,Chattogram,ODI # 4061,ketu,N/A,0.5,mars,NEUTRAL,-0.5,Insufficient,Kumbha,Purva Bhadrapada,jupiter,NEUTRAL,-0.5,mercury,DEBILITATED,-1.5,Strong,Vrishabha,Rohini
2018-11-04,Australia,South Africa,South Africa,6 wickets,Perth,ODI # 4065,venus,NEUTRAL,0.5,rahu,N/A,-0.5,Tradition-specific,Mesha,Bharani,moon,NEUTRAL,1.5,jupiter,NEUTRAL,-0.5,Insufficient,Kumbha,Dhanishta
2018-11-07,New Zealand,Pakistan,New Zealand,47 runs,Abu Dhabi,ODI # 4066,venus,DEBILITATED,-0.5,rahu,N/A,-0.5,Tradition-specific,Mesha,Bharani,venus,NEUTRAL,0.5,jupiter,NEUTRAL,-0.5,Insufficient,Mithuna,Ardra
2018-11-09,Australia,South Africa,Australia,7 runs,Adelaide,ODI # 4067,venus,NEUTRAL,0.5,rahu,N/A,-0.5,Tradition-specific,Mesha,Bharani,moon,NEUTRAL,1.5,jupiter,NEUTRAL,-0.5,Insufficient,Kumbha,Dhanishta
2018-11-09,New Zealand,Pakistan,Pakistan,6 wickets,Abu Dhabi,ODI # 4068,venus,DEBILITATED,-0.5,rahu,N/A,-0.5,Tradition-specific,Mesha,Bharani,venus,NEUTRAL,0.5,jupiter,NEUTRAL,-0.5,Insufficient,Mithuna,Ardra
2018-11-11,Australia,South Africa,South Africa,40 runs,Hobart,ODI # 4069,venus,NEUTRAL,0.5,rahu,N/A,-0.5,Tradition-specific,Mesha,Bharani,moon,NEUTRAL,1.5,jupiter,NEUTRAL,-0.5,Insufficient,Kumbha,Dhanishta
2018-11-11,New Zealand,Pakistan,no result,-,Dubai (DSC),ODI # 4070,venus,DEBILITATED,-0.5,rahu,N/A,-0.5,Tradition-specific,Mesha,Bharani,venus,NEUTRAL,0.5,jupiter,NEUTRAL,-0.5,Insufficient,Mithuna,Ardra
2017-01-13,Australia,Pakistan,Australia,92 runs,Brisbane,ODI # 3817,venus,NEUTRAL,0.5,moon,NEUTRAL,-0.5,Contradictory,Mesha,Bharani,venus,NEUTRAL,0.5,rahu,N/A,0.5,Tradition-specific,Mithuna,Ardra
2017-01-15,Australia,Pakistan,Pakistan,6 wickets,Melbourne,ODI # 3818,venus,NEUTRAL,0.5,moon,NEUTRAL,-0.5,Contradictory,Mesha,Bharani,venus,NEUTRAL,0.5,rahu,N/A,0.5,Tradition-specific,Mithuna,Ardra
2017-01-15,India,England,India,3 wickets,Pune,ODI # 3819,moon,OWN_SIGN,1.5,mars,NEUTRAL,-0.5,Insufficient,Karka,Pushya,rahu,N/A,0.5,jupiter,EXALTED,2.5,Strong,Mithuna,Punarvasu
2017-01-19,Australia,Pakistan,Australia,7 wickets,Perth,ODI # 3820,venus,NEUTRAL,0.5,moon,NEUTRAL,-0.5,Contradictory,Mesha,Bharani,venus,NEUTRAL,0.5,rahu,N/A,0.5,Tradition-specific,Mithuna,Ardra
2017-01-19,India,England,India,15 runs,Cuttack,ODI # 3821,moon,OWN_SIGN,1.5,mars,NEUTRAL,-0.5,Insufficient,Karka,Pushya,rahu,N/A,0.5,jupiter,EXALTED,2.5,Strong,Mithuna,Punarvasu
2017-01-22,Australia,Pakistan,Australia,86 runs,Sydney,ODI # 3822,venus,NEUTRAL,0.5,moon,NEUTRAL,-0.5,Contradictory,Mesha,Bharani,venus,NEUTRAL,0.5,rahu,N/A,0.5,Tradition-specific,Mithuna,Ardra
2017-01-22,India,England,England,5 runs,Eden Gardens,ODI # 3824,moon,OWN_SIGN,1.5,mars,NEUTRAL,-0.5,Insufficient,Karka,Pushya,rahu,N/A,0.5,jupiter,EXALTED,2.5,Strong,Mithuna,Punarvasu
2017-01-26,Australia,Pakistan,Australia,57 runs,Adelaide,ODI # 3826,venus,NEUTRAL,0.5,moon,NEUTRAL,-0.5,Contradictory,Mesha,Bharani,venus,NEUTRAL,0.5,rahu,N/A,0.5,Tradition-specific,Mithuna,Ardra
2017-01-28,South Africa,Sri Lanka,South Africa,8 wickets,Gqeberha,ODI # 3828,moon,NEUTRAL,1.5,rahu,N/A,0.5,Tradition-specific,Kumbha,Dhanishta,mars,NEUTRAL,-0.5,rahu,N/A,0.5,Tradition-specific,Vrischika,Anuradha
2017-01-30,New Zealand,Australia,New Zealand,6 runs,Auckland,ODI # 3829,venus,DEBILITATED,-0.5,moon,NEUTRAL,-0.5,Contradictory,Mesha,Bharani,venus,NEUTRAL,0.5,mars,NEUTRAL,-1.5,Insufficient,Mesha,Bharani
2017-02-01,South Africa,Sri Lanka,South Africa,121 runs,Durban,ODI # 3830,moon,NEUTRAL,1.5,rahu,N/A,0.5,Tradition-specific,Kumbha,Dhanishta,mars,NEUTRAL,-0.5,rahu,N/A,0.5,Tradition-specific,Vrischika,Anuradha
2017-02-04,South Africa,Sri Lanka,South Africa,7 wickets,Johannesburg,ODI # 3831,moon,NEUTRAL,1.5,rahu,N/A,0.5,Tradition-specific,Kumbha,Dhanishta,mars,NEUTRAL,-0.5,rahu,N/A,0.5,Tradition-specific,Vrischika,Anuradha
2017-02-05,New Zealand,Australia,New Zealand,24 runs,Hamilton,ODI # 3832,venus,DEBILITATED,-0.5,moon,NEUTRAL,-0.5,Contradictory,Mesha,Bharani,venus,NEUTRAL,0.5,mars,NEUTRAL,-1.5,Insufficient,Mesha,Bharani
2017-02-07,South Africa,Sri Lanka,South Africa,40 runs,Cape Town,ODI # 3833,moon,NEUTRAL,1.5,rahu,N/A,0.5,Tradition-specific,Kumbha,Dhanishta,mars,NEUTRAL,-0.5,rahu,N/A,0.5,Tradition-specific,Vrischika,Anuradha
2017-02-10,South Africa,Sri Lanka,South Africa,88 runs,Centurion,ODI # 3834,moon,NEUTRAL,1.5,rahu,N/A,0.5,Tradition-specific,Kumbha,Dhanishta,mars,NEUTRAL,-0.5,rahu,N/A,0.5,Tradition-specific,Vrischika,Anuradha
2017-02-16,Zimbabwe,Afghanistan,Afghanistan,12 runs,Harare,ODI # 3835,jupiter,NEUTRAL,-0.5,saturn,NEUTRAL,-1.5,Strong,Vrishabha,Rohini,venus,DEBILITATED,-0.5,venus,DEBILITATED,-0.5,Strong,Vrishabha,Krittika
2017-02-19,New Zealand,South Africa,South Africa,4 wickets,Hamilton,ODI # 3836,venus,DEBILITATED,-0.5,moon,NEUTRAL,-0.5,Contradictory,Mesha,Bharani,moon,NEUTRAL,1.5,rahu,N/A,0.5,Tradition-specific,Kumbha,Dhanishta
2017-02-19,Zimbabwe,Afghanistan,Afghanistan,54 runs,Harare,ODI # 3837,jupiter,NEUTRAL,-0.5,saturn,NEUTRAL,-1.5,Strong,Vrishabha,Rohini,venus,DEBILITATED,-0.5,venus,DEBILITATED,-0.5,Strong,Vrishabha,Krittika
2017-02-21,Zimbabwe,Afghanistan,Zimbabwe,3 runs,Harare,ODI # 3838,jupiter,NEUTRAL,-0.5,saturn,NEUTRAL,-1.5,Strong,Vrishabha,Rohini,venus,DEBILITATED,-0.5,venus,DEBILITATED,-0.5,Strong,Vrishabha,Krittika
2017-02-22,New Zealand,South Africa,New Zealand,6 runs,Christchurch,ODI # 3839,venus,DEBILITATED,-0.5,moon,NEUTRAL,-0.5,Contradictory,Mesha,Bharani,moon,NEUTRAL,1.5,rahu,N/A,0.5,Tradition-specific,Kumbha,Dhanishta
2017-02-24,Zimbabwe,Afghanistan,Zimbabwe,7 wickets,Harare,ODI # 3840,jupiter,NEUTRAL,-0.5,saturn,NEUTRAL,-1.5,Strong,Vrishabha,Rohini,venus,DEBILITATED,-0.5,venus,DEBILITATED,-0.5,Strong,Vrishabha,Krittika
2017-02-25,New Zealand,South Africa,South Africa,159 runs,Wellington,ODI # 3841,venus,DEBILITATED,-0.5,moon,NEUTRAL,-0.5,Contradictory,Mesha,Bharani,moon,NEUTRAL,1.5,rahu,N/A,0.5,Tradition-specific,Kumbha,Dhanishta
2017-02-26,Zimbabwe,Afghanistan,Afghanistan,106 runs,Harare,ODI # 3842,jupiter,NEUTRAL,-0.5,saturn,NEUTRAL,-1.5,Strong,Vrishabha,Rohini,venus,DEBILITATED,-0.5,venus,DEBILITATED,-0.5,Strong,Vrishabha,Krittika
2017-03-01,New Zealand,South Africa,New Zealand,7 wickets,Hamilton,ODI # 3843,venus,DEBILITATED,-0.5,moon,NEUTRAL,-0.5,Contradictory,Mesha,Bharani,moon,NEUTRAL,1.5,rahu,N/A,0.5,Tradition-specific,Kumbha,Dhanishta
2017-03-02,U.A.E.,Ireland,Ireland,85 runs,ICCA Dubai,ODI # 3844,jupiter,NEUTRAL,1.5,venus,NEUTRAL,1.5,Strong,Vrishabha,Krittika,venus,NEUTRAL,1.5,ketu,N/A,-1.5,Tradition-specific,Mithuna,Ardra
2017-03-04,New Zealand,South Africa,South Africa,6 wickets,Auckland,ODI # 3846,venus,DEBILITATED,-0.5,moon,NEUTRAL,-0.5,Contradictory,Mesha,Bharani,moon,NEUTRAL,1.5,rahu,N/A,0.5,Tradition-specific,Kumbha,Dhanishta
2017-03-04,U.A.E.,Ireland,Ireland,8 wickets,ICCA Dubai,ODI # 3847,jupiter,NEUTRAL,1.5,venus,NEUTRAL,1.5,Strong,Vrishabha,Krittika,venus,NEUTRAL,1.5,ketu,N/A,-1.5,Tradition-specific,Mithuna,Ardra
2017-03-15,Afghanistan,Ireland,Afghanistan,30 runs,Greater Noida,ODI # 3850,venus,DEBILITATED,-0.5,venus,DEBILITATED,-0.5,Strong,Vrishabha,Krittika,venus,NEUTRAL,1.5,ketu,N/A,-1.5,Tradition-specific,Mithuna,Ardra
2017-03-17,Afghanistan,Ireland,Afghanistan,34 runs,Greater Noida,ODI # 3851,venus,DEBILITATED,-0.5,venus,DEBILITATED,-0.5,Strong,Vrishabha,Krittika,venus,NEUTRAL,1.5,ketu,N/A,-1.5,Tradition-specific,Mithuna,Ardra
2017-03-19,Afghanistan,Ireland,Ireland,6 wickets,Greater Noida,ODI # 3852,venus,DEBILITATED,-0.5,venus,DEBILITATED,-0.5,Strong,Vrishabha,Krittika,venus,NEUTRAL,1.5,ketu,N/A,-1.5,Tradition-specific,Mithuna,Ardra
2017-03-22,Afghanistan,Ireland,Ireland,3 wickets,Greater Noida,ODI # 3853,venus,DEBILITATED,-0.5,venus,DEBILITATED,-0.5,Strong,Vrishabha,Krittika,venus,NEUTRAL,1.5,ketu,N/A,-1.5,Tradition-specific,Mithuna,Ardra
2017-03-24,Afghanistan,Ireland,Afghanistan,7 wickets,Greater Noida,ODI # 3854,venus,DEBILITATED,-0.5,venus,DEBILITATED,-0.5,Strong,Vrishabha,Krittika,venus,NEUTRAL,1.5,ketu,N/A,-1.5,Tradition-specific,Mithuna,Ardra
2017-03-25,Sri Lanka,Bangladesh,Bangladesh,90 runs,Dambulla,ODI # 3855,mars,NEUTRAL,-0.5,rahu,N/A,0.5,Tradition-specific,Vrischika,Anuradha,ketu,N/A,0.5,venus,NEUTRAL,1.5,Strong,Kumbha,Purva Bhadrapada
2017-03-28,Sri Lanka,Bangladesh,no result,-,Dambulla,ODI # 3856,mars,NEUTRAL,-0.5,rahu,N/A,0.5,Tradition-specific,Vrischika,Anuradha,ketu,N/A,0.5,venus,NEUTRAL,1.5,Strong,Kumbha,Purva Bhadrapada
2017-03-31,U.A.E.,P.N.G.,U.A.E.,82 runs,Abu Dhabi,ODI # 3857,jupiter,NEUTRAL,1.5,venus,NEUTRAL,1.5,Strong,Vrishabha,Krittika,jupiter,OWN_SIGN,1.5,saturn,NEUTRAL,-0.5,Strong,Makara,Uttara Ashadha
2017-04-01,Sri Lanka,Bangladesh,Sri Lanka,70 runs,Colombo (SSC),ODI # 3858,mars,NEUTRAL,-0.5,rahu,N/A,0.5,Tradition-specific,Vrischika,Anuradha,ketu,N/A,0.5,venus,NEUTRAL,1.5,Strong,Kumbha,Purva Bhadrapada
2017-04-02,U.A.E.,P.N.G.,P.N.G.,26 runs,Abu Dhabi,ODI # 3859,jupiter,NEUTRAL,1.5,venus,NEUTRAL,1.5,Strong,Vrishabha,Krittika,jupiter,OWN_SIGN,1.5,saturn,NEUTRAL,-0.5,Strong,Makara,Uttara Ashadha
2017-04-04,U.A.E.,P.N.G.,U.A.E.,103 runs,Abu Dhabi,ODI # 3860,jupiter,NEUTRAL,1.5,venus,NEUTRAL,1.5,Strong,Vrishabha,Krittika,jupiter,OWN_SIGN,1.5,saturn,NEUTRAL,-0.5,Strong,Makara,Uttara Ashadha
2017-05-05,England,Ireland,England,7 wickets,Bristol,ODI # 3864,rahu,N/A,0.5,jupiter,EXALTED,2.5,Strong,Mithuna,Punarvasu,venus,NEUTRAL,1.5,ketu,N/A,-1.5,Tradition-specific,Mithuna,Ardra
2017-05-07,England,Ireland,England,85 runs,Lord's,ODI # 3865,rahu,N/A,0.5,jupiter,EXALTED,2.5,Strong,Mithuna,Punarvasu,venus,NEUTRAL,1.5,ketu,N/A,-1.5,Tradition-specific,Mithuna,Ardra
2017-05-12,Ireland,Bangladesh,no result,-,Dublin (Malahide),ODI # 3866,venus,NEUTRAL,1.5,ketu,N/A,-1.5,Tradition-specific,Mithuna,Ardra,ketu,N/A,0.5,venus,NEUTRAL,1.5,Strong,Kumbha,Purva Bhadrapada
2017-05-14,Ireland,New Zealand,New Zealand,51 runs,Dublin (Malahide),ODI # 3867,venus,NEUTRAL,1.5,ketu,N/A,-1.5,Tradition-specific,Mithuna,Ardra,venus,DEBILITATED,-0.5,moon,NEUTRAL,-0.5,Contradictory,Mesha,Bharani
2017-05-17,Bangladesh,New Zealand,New Zealand,4 wickets,Dublin,ODI # 3868,ketu,N/A,0.5,venus,NEUTRAL,1.5,Strong,Kumbha,Purva Bhadrapada,venus,DEBILITATED,-0.5,moon,NEUTRAL,-0.5,Contradictory,Mesha,Bharani
2017-05-19,Ireland,Bangladesh,Bangladesh,8 wickets,Dublin (Malahide),ODI # 3869,sun,NEUTRAL,0.5,sun,NEUTRAL,0.5,Contradictory,Mithuna,Ardra,ketu,N/A,0.5,venus,NEUTRAL,1.5,Strong,Kumbha,Purva Bhadrapada
2017-05-21,Ireland,New Zealand,New Zealand,190 runs,Dublin (Malahide),ODI # 3870,sun,NEUTRAL,0.5,sun,NEUTRAL,0.5,Contradictory,Mithuna,Ardra,venus,DEBILITATED,-0.5,moon,NEUTRAL,-0.5,Contradictory,Mesha,Bharani
2017-05-24,Bangladesh,New Zealand,Bangladesh,5 wickets,Dublin,ODI # 3871,ketu,N/A,0.5,venus,NEUTRAL,1.5,Strong,Kumbha,Purva Bhadrapada,venus,DEBILITATED,-0.5,moon,NEUTRAL,-0.5,Contradictory,Mesha,Bharani
2017-05-24,England,South Africa,England,72 runs,Leeds,ODI # 3872,rahu,N/A,0.5,jupiter,EXALTED,2.5,Strong,Mithuna,Punarvasu,moon,NEUTRAL,1.5,rahu,N/A,0.5,Tradition-specific,Kumbha,Dhanishta
2017-05-27,England,South Africa,England,2 runs,Southampton,ODI # 3873,rahu,N/A,0.5,jupiter,EXALTED,2.5,Strong,Mithuna,Punarvasu,moon,NEUTRAL,1.5,rahu,N/A,0.5,Tradition-specific,Kumbha,Dhanishta
2017-05-29,England,South Africa,South Africa,7 wickets,Lord's,ODI # 3874,rahu,N/A,0.5,jupiter,EXALTED,2.5,Strong,Mithuna,Punarvasu,moon,NEUTRAL,1.5,rahu,N/A,0.5,Tradition-specific,Kumbha,Dhanishta
2017-06-01,England,Bangladesh,England,8 wickets,The Oval,ODI # 3875,rahu,N/A,0.5,jupiter,EXALTED,2.5,Strong,Mithuna,Punarvasu,ketu,N/A,0.5,venus,NEUTRAL,1.5,Strong,Kumbha,Purva Bhadrapada
2017-06-02,Australia,New Zealand,no result,-,Birmingham,ODI # 3876,venus,NEUTRAL,0.5,mars,NEUTRAL,-1.5,Insufficient,Mesha,Bharani,venus,DEBILITATED,-0.5,moon,NEUTRAL,-0.5,Contradictory,Mesha,Bharani
2017-06-03,South Africa,Sri Lanka,South Africa,96 runs,The Oval,ODI # 3877,moon,NEUTRAL,1.5,rahu,N/A,0.5,Tradition-specific,Kumbha,Dhanishta,mars,NEUTRAL,-0.5,rahu,N/A,0.5,Tradition-specific,Vrischika,Anuradha
2017-06-04,India,Pakistan,India,124 runs,Birmingham,ODI # 3878,moon,OWN_SIGN,1.5,rahu,N/A,0.5,Tradition-specific,Karka,Pushya,venus,NEUTRAL,0.5,rahu,N/A,0.5,Tradition-specific,Mithuna,Ardra
2017-06-05,Australia,Bangladesh,no result,-,The Oval,ODI # 3879,venus,NEUTRAL,0.5,mars,NEUTRAL,-1.5,Insufficient,Mesha,Bharani,ketu,N/A,0.5,venus,NEUTRAL,1.5,Strong,Kumbha,Purva Bhadrapada
2017-06-06,England,New Zealand,England,87 runs,Cardiff,ODI # 3880,rahu,N/A,0.5,jupiter,EXALTED,2.5,Strong,Mithuna,Punarvasu,venus,DEBILITATED,-0.5,moon,NEUTRAL,-0.5,Contradictory,Mesha,Bharani
2017-06-07,Pakistan,South Africa,Pakistan,19 runs,Birmingham,ODI # 3881,venus,NEUTRAL,0.5,rahu,N/A,0.5,Tradition-specific,Mithuna,Ardra,moon,NEUTRAL,1.5,rahu,N/A,0.5,Tradition-specific,Kumbha,Dhanishta
2017-06-08,India,Sri Lanka,Sri Lanka,7 wickets,The Oval,ODI # 3882,moon,OWN_SIGN,1.5,rahu,N/A,0.5,Tradition-specific,Karka,Pushya,mars,NEUTRAL,-0.5,rahu,N/A,0.5,Tradition-specific,Vrischika,Anuradha
2017-06-09,Bangladesh,New Zealand,Bangladesh,5 wickets,Cardiff,ODI # 3883,ketu,N/A,0.5,venus,NEUTRAL,1.5,Strong,Kumbha,Purva Bhadrapada,venus,DEBILITATED,-0.5,moon,NEUTRAL,-0.5,Contradictory,Mesha,Bharani
2017-06-10,England,Australia,England,40 runs,Birmingham,ODI # 3885,rahu,N/A,0.5,jupiter,EXALTED,2.5,Strong,Mithuna,Punarvasu,venus,NEUTRAL,0.5,mars,NEUTRAL,-1.5,Insufficient,Mesha,Bharani
2017-06-11,India,South Africa,India,8 wickets,The Oval,ODI # 3886,moon,OWN_SIGN,1.5,rahu,N/A,0.5,Tradition-specific,Karka,Pushya,moon,NEUTRAL,1.5,rahu,N/A,0.5,Tradition-specific,Kumbha,Dhanishta
2017-06-12,Pakistan,Sri Lanka,Pakistan,3 wickets,Cardiff,ODI # 3888,venus,NEUTRAL,0.5,rahu,N/A,0.5,Tradition-specific,Mithuna,Ardra,mars,NEUTRAL,-0.5,rahu,N/A,0.5,Tradition-specific,Vrischika,Anuradha
2017-06-14,England,Pakistan,Pakistan,8 wickets,Cardiff,ODI # 3889,rahu,N/A,0.5,jupiter,EXALTED,2.5,Strong,Mithuna,Punarvasu,venus,NEUTRAL,0.5,rahu,N/A,0.5,Tradition-specific,Mithuna,Ardra
2017-06-15,Bangladesh,India,India,9 wickets,Birmingham,ODI # 3891,ketu,N/A,0.5,venus,NEUTRAL,1.5,Strong,Kumbha,Purva Bhadrapada,moon,OWN_SIGN,1.5,rahu,N/A,0.5,Tradition-specific,Karka,Pushya
2017-06-18,India,Pakistan,Pakistan,180 runs,The Oval,ODI # 3894,moon,OWN_SIGN,1.5,rahu,N/A,0.5,Tradition-specific,Karka,Pushya,venus,NEUTRAL,0.5,rahu,N/A,0.5,Tradition-specific,Mithuna,Ardra
2017-06-30,Sri Lanka,Zimbabwe,Zimbabwe,6 wickets,Galle,ODI # 3897,mars,NEUTRAL,-0.5,rahu,N/A,0.5,Tradition-specific,Vrischika,Anuradha,jupiter,NEUTRAL,-0.5,saturn,NEUTRAL,-1.5,Strong,Vrishabha,Rohini
2017-07-02,Sri Lanka,Zimbabwe,Sri Lanka,7 wickets,Galle,ODI # 3899,mars,NEUTRAL,-0.5,rahu,N/A,0.5,Tradition-specific,Vrischika,Anuradha,jupiter,NEUTRAL,-0.5,saturn,NEUTRAL,-1.5,Strong,Vrishabha,Rohini
2017-07-06,Sri Lanka,Zimbabwe,Sri Lanka,8 wickets,Hambantota,ODI # 3901,mars,NEUTRAL,-0.5,rahu,N/A,0.5,Tradition-specific,Vrischika,Anuradha,jupiter,NEUTRAL,-0.5,saturn,NEUTRAL,-1.5,Strong,Vrishabha,Rohini
2017-07-08,Sri Lanka,Zimbabwe,Zimbabwe,4 wickets,Hambantota,ODI # 3903,mars,NEUTRAL,-0.5,rahu,N/A,0.5,Tradition-specific,Vrischika,Anuradha,jupiter,NEUTRAL,-0.5,saturn,NEUTRAL,-1.5,Strong,Vrishabha,Rohini
2017-07-10,Sri Lanka,Zimbabwe,Zimbabwe,3 wickets,Hambantota,ODI # 3904,mars,NEUTRAL,-0.5,rahu,N/A,0.5,Tradition-specific,Vrischika,Anuradha,jupiter,NEUTRAL,-0.5,saturn,NEUTRAL,-1.5,Strong,Vrishabha,Rohini
2017-08-20,Sri Lanka,India,India,9 wickets,Dambulla,ODI # 3905,mars,NEUTRAL,-0.5,jupiter,NEUTRAL,0.5,Insufficient,Vrischika,Anuradha,moon,OWN_SIGN,1.5,rahu,N/A,0.5,Tradition-specific,Karka,Pushya
2017-08-24,Sri Lanka,India,India,3 wickets,Pallekele,ODI # 3906,mars,NEUTRAL,-0.5,jupiter,NEUTRAL,0.5,Insufficient,Vrischika,Anuradha,moon,OWN_SIGN,1.5,rahu,N/A,0.5,Tradition-specific,Karka,Pushya
2017-08-27,Sri Lanka,India,India,6 wickets,Pallekele,ODI # 3907,mars,NEUTRAL,-0.5,jupiter,NEUTRAL,0.5,Insufficient,Vrischika,Anuradha,moon,OWN_SIGN,1.5,rahu,N/A,0.5,Tradition-specific,Karka,Pushya
2017-08-31,Sri Lanka,India,India,168 runs,Colombo (RPS),ODI # 3908,mars,NEUTRAL,-0.5,jupiter,NEUTRAL,0.5,Insufficient,Vrischika,Anuradha,moon,OWN_SIGN,1.5,rahu,N/A,0.5,Tradition-specific,Karka,Pushya
2017-09-03,Sri Lanka,India,India,6 wickets,Colombo (RPS),ODI # 3909,mars,NEUTRAL,-0.5,jupiter,NEUTRAL,0.5,Insufficient,Vrischika,Anuradha,moon,OWN_SIGN,1.5,rahu,N/A,0.5,Tradition-specific,Karka,Pushya
2017-09-17,India,Australia,India,26 runs,Chennai,ODI # 3910,moon,OWN_SIGN,1.5,rahu,N/A,0.5,Tradition-specific,Karka,Pushya,venus,NEUTRAL,0.5,mars,NEUTRAL,-1.5,Insufficient,Mesha,Bharani
2017-09-21,India,Australia,India,50 runs,Eden Gardens,ODI # 3912,moon,OWN_SIGN,1.5,rahu,N/A,0.5,Tradition-specific,Karka,Pushya,venus,NEUTRAL,0.5,mars,NEUTRAL,-1.5,Insufficient,Mesha,Bharani
2017-09-24,India,Australia,India,5 wickets,Indore,ODI # 3914,moon,OWN_SIGN,1.5,rahu,N/A,0.5,Tradition-specific,Karka,Pushya,venus,NEUTRAL,0.5,mars,NEUTRAL,-1.5,Insufficient,Mesha,Bharani
2017-09-28,India,Australia,Australia,21 runs,Bengaluru,ODI # 3917,moon,OWN_SIGN,1.5,rahu,N/A,0.5,Tradition-specific,Karka,Pushya,venus,NEUTRAL,0.5,mars,NEUTRAL,-1.5,Insufficient,Mesha,Bharani
2017-10-01,India,Australia,India,7 wickets,Nagpur,ODI # 3919,moon,OWN_SIGN,1.5,rahu,N/A,0.5,Tradition-specific,Karka,Pushya,venus,NEUTRAL,0.5,mars,NEUTRAL,-1.5,Insufficient,Mesha,Bharani
2017-10-13,Pakistan,Sri Lanka,Pakistan,83 runs,Dubai (DSC),ODI # 3922,venus,NEUTRAL,0.5,rahu,N/A,0.5,Tradition-specific,Mithuna,Ardra,mars,NEUTRAL,-0.5,jupiter,NEUTRAL,0.5,Insufficient,Vrischika,Anuradha
2017-10-15,South Africa,Bangladesh,South Africa,10 wickets,Kimberley,ODI # 3923,moon,NEUTRAL,1.5,rahu,N/A,0.5,Tradition-specific,Kumbha,Dhanishta,ketu,N/A,0.5,sun,NEUTRAL,0.5,Contradictory,Kumbha,Purva Bhadrapada
2017-10-16,Pakistan,Sri Lanka,Pakistan,32 runs,Abu Dhabi,ODI # 3924,venus,NEUTRAL,0.5,rahu,N/A,0.5,Tradition-specific,Mithuna,Ardra,mars,NEUTRAL,-0.5,jupiter,NEUTRAL,0.5,Insufficient,Vrischika,Anuradha
2017-10-18,South Africa,Bangladesh,South Africa,104 runs,Paarl,ODI # 3925,moon,NEUTRAL,1.5,rahu,N/A,0.5,Tradition-specific,Kumbha,Dhanishta,ketu,N/A,0.5,sun,NEUTRAL,0.5,Contradictory,Kumbha,Purva Bhadrapada
2017-10-18,Pakistan,Sri Lanka,Pakistan,7 wickets,Abu Dhabi,ODI # 3926,venus,NEUTRAL,0.5,rahu,N/A,0.5,Tradition-specific,Mithuna,Ardra,mars,NEUTRAL,-0.5,jupiter,NEUTRAL,0.5,Insufficient,Vrischika,Anuradha
2017-10-20,Pakistan,Sri Lanka,Pakistan,7 wickets,Sharjah,ODI # 3927,venus,NEUTRAL,0.5,rahu,N/A,0.5,Tradition-specific,Mithuna,Ardra,mars,NEUTRAL,-0.5,jupiter,NEUTRAL,0.5,Insufficient,Vrischika,Anuradha
2017-10-22,India,New Zealand,New Zealand,6 wickets,Wankhede,ODI # 3928,moon,OWN_SIGN,1.5,rahu,N/A,0.5,Tradition-specific,Karka,Pushya,venus,DEBILITATED,-0.5,mars,NEUTRAL,-1.5,Insufficient,Mesha,Bharani
2017-10-22,South Africa,Bangladesh,South Africa,200 runs,East London,ODI # 3929,moon,NEUTRAL,1.5,rahu,N/A,0.5,Tradition-specific,Kumbha,Dhanishta,ketu,N/A,0.5,sun,NEUTRAL,0.5,Contradictory,Kumbha,Purva Bhadrapada
2017-10-23,Pakistan,Sri Lanka,Pakistan,9 wickets,Sharjah,ODI # 3930,venus,NEUTRAL,0.5,rahu,N/A,0.5,Tradition-specific,Mithuna,Ardra,mars,NEUTRAL,-0.5,jupiter,NEUTRAL,0.5,Insufficient,Vrischika,Anuradha
2017-10-25,India,New Zealand,India,6 wickets,Pune,ODI # 3931,moon,OWN_SIGN,1.5,rahu,N/A,0.5,Tradition-specific,Karka,Pushya,venus,DEBILITATED,-0.5,mars,NEUTRAL,-1.5,Insufficient,Mesha,Bharani
2017-10-29,India,New Zealand,India,6 runs,Kanpur,ODI # 3932,moon,OWN_SIGN,1.5,rahu,N/A,0.5,Tradition-specific,Karka,Pushya,venus,DEBILITATED,-0.5,mars,NEUTRAL,-1.5,Insufficient,Mesha,Bharani
2017-12-05,Afghanistan,Ireland,Afghanistan,138 runs,Sharjah,ODI # 3935,venus,DEBILITATED,-0.5,venus,DEBILITATED,-0.5,Strong,Vrishabha,Krittika,sun,NEUTRAL,0.5,moon,NEUTRAL,0.5,Strong,Mithuna,Ardra
2017-12-07,Afghanistan,Ireland,Ireland,51 runs,Sharjah,ODI # 3937,venus,DEBILITATED,-0.5,venus,DEBILITATED,-0.5,Strong,Vrishabha,Krittika,sun,NEUTRAL,0.5,moon,NEUTRAL,0.5,Strong,Mithuna,Ardra
2017-12-10,India,Sri Lanka,Sri Lanka,7 wickets,Dharamsala,ODI # 3939,moon,OWN_SIGN,1.5,rahu,N/A,0.5,Tradition-specific,Karka,Pushya,mars,NEUTRAL,-0.5,jupiter,NEUTRAL,0.5,Insufficient,Vrischika,Anuradha
2017-12-10,Afghanistan,Ireland,Ireland,5 wickets,Sharjah,ODI # 3940,venus,DEBILITATED,-0.5,venus,DEBILITATED,-0.5,Strong,Vrishabha,Krittika,sun,NEUTRAL,0.5,moon,NEUTRAL,0.5,Strong,Mithuna,Ardra
2017-12-13,India,Sri Lanka,India,141 runs,Mohali,ODI # 3941,moon,OWN_SIGN,1.5,rahu,N/A,0.5,Tradition-specific,Karka,Pushya,mars,NEUTRAL,-0.5,jupiter,NEUTRAL,0.5,Insufficient,Vrischika,Anuradha
2017-12-17,India,Sri Lanka,India,8 wickets,Visakhapatnam,ODI # 3942,moon,OWN_SIGN,1.5,rahu,N/A,0.5,Tradition-specific,Karka,Pushya,mars,NEUTRAL,-0.5,jupiter,NEUTRAL,0.5,Insufficient,Vrischika,Anuradha
2015-01-10,Afghanistan,Ireland,Ireland,3 wickets,Dubai (DSC),ODI # 3573,ketu,N/A,-1.5,saturn,NEUTRAL,-0.5,Strong,Vrishabha,Krittika,venus,NEUTRAL,1.5,mercury,NEUTRAL,1.5,Insufficient,Mithuna,Ardra
2015-01-11,New Zealand,Sri Lanka,New Zealand,3 wickets,Christchurch,ODI # 3574,venus,DEBILITATED,-0.5,sun,NEUTRAL,0.5,Contradictory,Mesha,Bharani,moon,DEBILITATED,-1.5,venus,NEUTRAL,1.5,Strong,Vrischika,Anuradha
2015-01-15,New Zealand,Sri Lanka,Sri Lanka,6 wickets,Hamilton,ODI # 3577,venus,DEBILITATED,-0.5,sun,NEUTRAL,0.5,Contradictory,Mesha,Bharani,moon,DEBILITATED,-1.5,venus,NEUTRAL,1.5,Strong,Vrischika,Anuradha
2015-01-16,Australia,England,Australia,3 wickets,Sydney,ODI # 3578,venus,NEUTRAL,0.5,sun,NEUTRAL,0.5,Contradictory,Mesha,Bharani,rahu,N/A,0.5,rahu,N/A,0.5,Tradition-specific,Mithuna,Punarvasu
2015-01-17,New Zealand,Sri Lanka,no result,-,Auckland,ODI # 3580,venus,DEBILITATED,-0.5,sun,NEUTRAL,0.5,Contradictory,Mesha,Bharani,moon,DEBILITATED,-1.5,venus,NEUTRAL,1.5,Strong,Vrischika,Anuradha
2015-01-17,Afghanistan,Ireland,Afghanistan,71 runs,Dubai (DSC),ODI # 3581,ketu,N/A,-1.5,saturn,NEUTRAL,-0.5,Strong,Vrishabha,Krittika,venus,NEUTRAL,1.5,mercury,NEUTRAL,1.5,Insufficient,Mithuna,Ardra
2015-01-18,Australia,India,Australia,4 wickets,Melbourne,ODI # 3582,venus,NEUTRAL,0.5,sun,NEUTRAL,0.5,Contradictory,Mesha,Bharani,sun,NEUTRAL,-0.5,venus,NEUTRAL,0.5,Strong,Karka,Pushya
2015-01-20,New Zealand,Sri Lanka,New Zealand,4 wickets,Nelson,ODI # 3585,venus,DEBILITATED,-0.5,sun,NEUTRAL,0.5,Contradictory,Mesha,Bharani,moon,DEBILITATED,-1.5,venus,NEUTRAL,1.5,Strong,Vrischika,Anuradha
2015-01-20,England,India,England,9 wickets,Brisbane,ODI # 3586,rahu,N/A,0.5,rahu,N/A,0.5,Tradition-specific,Mithuna,Punarvasu,sun,NEUTRAL,-0.5,venus,NEUTRAL,0.5,Strong,Karka,Pushya
2015-01-23,New Zealand,Sri Lanka,New Zealand,108 runs,Dunedin,ODI # 3588,venus,DEBILITATED,-0.5,sun,NEUTRAL,0.5,Contradictory,Mesha,Bharani,moon,DEBILITATED,-1.5,venus,NEUTRAL,1.5,Strong,Vrischika,Anuradha
2015-01-23,Australia,England,Australia,3 wickets,Hobart,ODI # 3589,venus,NEUTRAL,0.5,sun,NEUTRAL,0.5,Contradictory,Mesha,Bharani,rahu,N/A,0.5,rahu,N/A,0.5,Tradition-specific,Mithuna,Punarvasu
2015-01-25,New Zealand,Sri Lanka,New Zealand,120 runs,Dunedin,ODI # 3590,venus,DEBILITATED,-0.5,sun,NEUTRAL,0.5,Contradictory,Mesha,Bharani,moon,DEBILITATED,-1.5,venus,NEUTRAL,1.5,Strong,Vrischika,Anuradha
2015-01-26,Australia,India,no result,-,Sydney,ODI # 3592,venus,NEUTRAL,0.5,sun,NEUTRAL,0.5,Contradictory,Mesha,Bharani,sun,NEUTRAL,-0.5,venus,NEUTRAL,0.5,Strong,Karka,Pushya
2015-01-29,New Zealand,Sri Lanka,Sri Lanka,34 runs,Wellington,ODI # 3594,venus,DEBILITATED,-0.5,sun,NEUTRAL,0.5,Contradictory,Mesha,Bharani,moon,DEBILITATED,-1.5,venus,NEUTRAL,1.5,Strong,Vrischika,Anuradha
2015-01-30,England,India,England,3 wickets,Perth,ODI # 3595,rahu,N/A,0.5,rahu,N/A,0.5,Tradition-specific,Mithuna,Punarvasu,sun,NEUTRAL,-0.5,venus,NEUTRAL,0.5,Strong,Karka,Pushya
2015-01-31,New Zealand,Pakistan,New Zealand,7 wickets,Wellington,ODI # 3596,venus,DEBILITATED,-0.5,sun,NEUTRAL,0.5,Contradictory,Mesha,Bharani,venus,NEUTRAL,0.5,mars,NEUTRAL,-0.5,Insufficient,Mithuna,Ardra
2015-02-01,Australia,England,Australia,112 runs,Perth,ODI # 3597,venus,NEUTRAL,0.5,sun,NEUTRAL,0.5,Contradictory,Mesha,Bharani,rahu,N/A,0.5,rahu,N/A,0.5,Tradition-specific,Mithuna,Punarvasu
2015-02-03,New Zealand,Pakistan,New Zealand,119 runs,Napier,ODI # 3598,venus,DEBILITATED,-0.5,sun,NEUTRAL,0.5,Contradictory,Mesha,Bharani,venus,NEUTRAL,0.5,mars,NEUTRAL,-0.5,Insufficient,Mithuna,Ardra
2015-02-14,New Zealand,Sri Lanka,New Zealand,98 runs,Christchurch,ODI # 3599,venus,DEBILITATED,-0.5,sun,NEUTRAL,0.5,Contradictory,Mesha,Bharani,moon,DEBILITATED,-1.5,venus,NEUTRAL,1.5,Strong,Vrischika,Anuradha
2015-02-14,Australia,England,Australia,111 runs,Melbourne,ODI # 3600,venus,NEUTRAL,0.5,sun,NEUTRAL,0.5,Contradictory,Mesha,Bharani,rahu,N/A,0.5,rahu,N/A,0.5,Tradition-specific,Mithuna,Punarvasu
2015-02-15,South Africa,Zimbabwe,South Africa,62 runs,Hamilton,ODI # 3601,sun,NEUTRAL,0.5,venus,NEUTRAL,0.5,Strong,Kumbha,Dhanishta,jupiter,NEUTRAL,-0.5,jupiter,NEUTRAL,-0.5,Insufficient,Vrishabha,Rohini
2015-02-15,India,Pakistan,India,76 runs,Adelaide,ODI # 3602,sun,NEUTRAL,-0.5,venus,NEUTRAL,0.5,Strong,Karka,Pushya,venus,NEUTRAL,0.5,mars,NEUTRAL,-0.5,Insufficient,Mithuna,Ardra
2015-02-18,Afghanistan,Bangladesh,Bangladesh,105 runs,Canberra,ODI # 3605,ketu,N/A,-1.5,saturn,NEUTRAL,-0.5,Strong,Vrishabha,Krittika,mercury,DEBILITATED,-0.5,saturn,DEBILITATED,-3.5,Strong,Kumbha,Purva Bhadrapada
2015-02-19,U.A.E.,Zimbabwe,Zimbabwe,4 wickets,Nelson,ODI # 3606,jupiter,NEUTRAL,1.5,ketu,N/A,-1.5,Tradition-specific,Vrishabha,Krittika,jupiter,NEUTRAL,-0.5,jupiter,NEUTRAL,-0.5,Insufficient,Vrishabha,Rohini
2015-02-20,New Zealand,England,New Zealand,8 wickets,Wellington,ODI # 3607,venus,DEBILITATED,-0.5,sun,NEUTRAL,0.5,Contradictory,Mesha,Bharani,rahu,N/A,0.5,rahu,N/A,0.5,Tradition-specific,Mithuna,Punarvasu
2015-02-22,Afghanistan,Sri Lanka,Sri Lanka,4 wickets,Dunedin,ODI # 3609,ketu,N/A,-1.5,saturn,NEUTRAL,-0.5,Strong,Vrishabha,Krittika,moon,DEBILITATED,-1.5,venus,NEUTRAL,1.5,Strong,Vrischika,Anuradha
2015-02-22,India,South Africa,India,130 runs,Melbourne,ODI # 3610,sun,NEUTRAL,-0.5,venus,NEUTRAL,0.5,Strong,Karka,Pushya,sun,NEUTRAL,0.5,venus,NEUTRAL,0.5,Strong,Kumbha,Dhanishta
2015-02-25,Ireland,U.A.E.,Ireland,2 wickets,Brisbane,ODI # 3613,venus,NEUTRAL,1.5,mercury,NEUTRAL,1.5,Insufficient,Mithuna,Ardra,jupiter,NEUTRAL,1.5,ketu,N/A,-1.5,Tradition-specific,Vrishabha,Krittika
2015-02-26,Bangladesh,Sri Lanka,Sri Lanka,92 runs,Melbourne,ODI # 3615,mercury,DEBILITATED,-0.5,saturn,DEBILITATED,-3.5,Strong,Kumbha,Purva Bhadrapada,moon,DEBILITATED,-1.5,venus,NEUTRAL,1.5,Strong,Vrischika,Anuradha
2015-02-28,New Zealand,Australia,New Zealand,1 wicket,Auckland,ODI # 3617,venus,DEBILITATED,-0.5,sun,NEUTRAL,0.5,Contradictory,Mesha,Bharani,venus,NEUTRAL,0.5,sun,NEUTRAL,0.5,Contradictory,Mesha,Bharani
2015-02-28,India,U.A.E.,India,9 wickets,Perth,ODI # 3618,sun,NEUTRAL,-0.5,venus,NEUTRAL,0.5,Strong,Karka,Pushya,jupiter,NEUTRAL,1.5,ketu,N/A,-1.5,Tradition-specific,Vrishabha,Krittika
2015-03-01,England,Sri Lanka,Sri Lanka,9 wickets,Wellington,ODI # 3619,rahu,N/A,0.5,rahu,N/A,0.5,Tradition-specific,Mithuna,Punarvasu,moon,DEBILITATED,-1.5,venus,NEUTRAL,1.5,Strong,Vrischika,Anuradha
2015-03-01,Pakistan,Zimbabwe,Pakistan,20 runs,Brisbane,ODI # 3620,venus,NEUTRAL,0.5,rahu,N/A,0.5,Tradition-specific,Mithuna,Ardra,jupiter,NEUTRAL,-0.5,jupiter,NEUTRAL,-0.5,Insufficient,Vrishabha,Rohini
2015-03-03,Ireland,South Africa,South Africa,201 runs,Canberra,ODI # 3621,venus,NEUTRAL,1.5,mercury,NEUTRAL,1.5,Insufficient,Mithuna,Ardra,sun,NEUTRAL,0.5,venus,NEUTRAL,0.5,Strong,Kumbha,Dhanishta
2015-03-04,Pakistan,U.A.E.,Pakistan,129 runs,Napier,ODI # 3622,venus,NEUTRAL,0.5,rahu,N/A,0.5,Tradition-specific,Mithuna,Ardra,jupiter,NEUTRAL,1.5,ketu,N/A,-1.5,Tradition-specific,Vrishabha,Krittika
2015-03-04,Australia,Afghanistan,Australia,275 runs,Perth,ODI # 3623,venus,NEUTRAL,0.5,sun,NEUTRAL,0.5,Contradictory,Mesha,Bharani,ketu,N/A,-1.5,saturn,NEUTRAL,-0.5,Strong,Vrishabha,Krittika
2015-03-07,Pakistan,South Africa,Pakistan,29 runs,Auckland,ODI # 3626,venus,NEUTRAL,0.5,rahu,N/A,0.5,Tradition-specific,Mithuna,Ardra,sun,NEUTRAL,0.5,venus,NEUTRAL,0.5,Strong,Kumbha,Dhanishta
2015-03-07,Ireland,Zimbabwe,Ireland,5 runs,Hobart,ODI # 3627,venus,NEUTRAL,1.5,mercury,NEUTRAL,1.5,Insufficient,Mithuna,Ardra,jupiter,NEUTRAL,-0.5,jupiter,NEUTRAL,-0.5,Insufficient,Vrishabha,Rohini
2015-03-08,New Zealand,Afghanistan,New Zealand,6 wickets,Napier,ODI # 3628,venus,DEBILITATED,-0.5,sun,NEUTRAL,0.5,Contradictory,Mesha,Bharani,ketu,N/A,-1.5,saturn,NEUTRAL,-0.5,Strong,Vrishabha,Krittika
2015-03-08,Australia,Sri Lanka,Australia,64 runs,Sydney,ODI # 3629,venus,NEUTRAL,0.5,sun,NEUTRAL,0.5,Contradictory,Mesha,Bharani,moon,DEBILITATED,-1.5,venus,NEUTRAL,1.5,Strong,Vrischika,Anuradha
2015-03-09,Bangladesh,England,Bangladesh,15 runs,Adelaide,ODI # 3630,mercury,DEBILITATED,-0.5,saturn,DEBILITATED,-3.5,Strong,Kumbha,Purva Bhadrapada,rahu,N/A,0.5,rahu,N/A,0.5,Tradition-specific,Mithuna,Punarvasu
2015-03-10,India,Ireland,India,8 wickets,Hamilton,ODI # 3631,sun,NEUTRAL,-0.5,venus,NEUTRAL,0.5,Strong,Karka,Pushya,venus,NEUTRAL,1.5,mercury,NEUTRAL,1.5,Insufficient,Mithuna,Ardra
2015-03-12,South Africa,U.A.E.,South Africa,146 runs,Wellington,ODI # 3633,sun,NEUTRAL,0.5,venus,NEUTRAL,0.5,Strong,Kumbha,Dhanishta,jupiter,NEUTRAL,1.5,ketu,N/A,-1.5,Tradition-specific,Vrishabha,Krittika
2015-03-13,New Zealand,Bangladesh,New Zealand,3 wickets,Hamilton,ODI # 3634,venus,DEBILITATED,-0.5,sun,NEUTRAL,0.5,Contradictory,Mesha,Bharani,mercury,DEBILITATED,-0.5,saturn,DEBILITATED,-3.5,Strong,Kumbha,Purva Bhadrapada
2015-03-13,Afghanistan,England,England,9 wickets,Sydney,ODI # 3635,ketu,N/A,-1.5,saturn,NEUTRAL,-0.5,Strong,Vrishabha,Krittika,rahu,N/A,0.5,rahu,N/A,0.5,Tradition-specific,Mithuna,Punarvasu
2015-03-14,India,Zimbabwe,India,6 wickets,Auckland,ODI # 3636,sun,NEUTRAL,-0.5,venus,NEUTRAL,0.5,Strong,Karka,Pushya,jupiter,NEUTRAL,-0.5,jupiter,NEUTRAL,-0.5,Insufficient,Vrishabha,Rohini
2015-03-15,Ireland,Pakistan,Pakistan,7 wickets,Adelaide,ODI # 3639,venus,NEUTRAL,1.5,mercury,NEUTRAL,1.5,Insufficient,Mithuna,Ardra,venus,NEUTRAL,0.5,rahu,N/A,0.5,Tradition-specific,Mithuna,Ardra
2015-03-18,South Africa,Sri Lanka,South Africa,9 wickets,Sydney,ODI # 3640,sun,NEUTRAL,0.5,venus,NEUTRAL,0.5,Strong,Kumbha,Dhanishta,moon,DEBILITATED,-1.5,venus,NEUTRAL,1.5,Strong,Vrischika,Anuradha
2015-03-19,Bangladesh,India,India,109 runs,Melbourne,ODI # 3641,mercury,DEBILITATED,-0.5,saturn,DEBILITATED,-3.5,Strong,Kumbha,Purva Bhadrapada,sun,NEUTRAL,-0.5,venus,NEUTRAL,0.5,Strong,Karka,Pushya
2015-03-20,Australia,Pakistan,Australia,6 wickets,Adelaide,ODI # 3642,venus,NEUTRAL,0.5,sun,NEUTRAL,0.5,Contradictory,Mesha,Bharani,venus,NEUTRAL,0.5,rahu,N/A,0.5,Tradition-specific,Mithuna,Ardra
2015-03-24,New Zealand,South Africa,New Zealand,4 wickets,Auckland,ODI # 3644,venus,DEBILITATED,-0.5,sun,NEUTRAL,0.5,Contradictory,Mesha,Bharani,sun,NEUTRAL,0.5,venus,NEUTRAL,0.5,Strong,Kumbha,Dhanishta
2015-03-26,Australia,India,Australia,95 runs,Sydney,ODI # 3645,venus,NEUTRAL,0.5,sun,NEUTRAL,0.5,Contradictory,Mesha,Bharani,sun,NEUTRAL,-0.5,venus,NEUTRAL,0.5,Strong,Karka,Pushya
2015-03-29,Australia,New Zealand,Australia,7 wickets,Melbourne,ODI # 3646,venus,NEUTRAL,0.5,sun,NEUTRAL,0.5,Contradictory,Mesha,Bharani,venus,DEBILITATED,-0.5,sun,NEUTRAL,0.5,Contradictory,Mesha,Bharani
2015-04-17,Bangladesh,Pakistan,Bangladesh,79 runs,Mirpur,ODI # 3647,mercury,DEBILITATED,-0.5,saturn,DEBILITATED,-3.5,Strong,Kumbha,Purva Bhadrapada,venus,NEUTRAL,0.5,rahu,N/A,0.5,Tradition-specific,Mithuna,Ardra
2015-04-19,Bangladesh,Pakistan,Bangladesh,7 wickets,Mirpur,ODI # 3648,mercury,DEBILITATED,-0.5,saturn,DEBILITATED,-3.5,Strong,Kumbha,Purva Bhadrapada,venus,NEUTRAL,0.5,rahu,N/A,0.5,Tradition-specific,Mithuna,Ardra
2015-04-22,Bangladesh,Pakistan,Bangladesh,8 wickets,Mirpur,ODI # 3649,mercury,DEBILITATED,-0.5,saturn,DEBILITATED,-3.5,Strong,Kumbha,Purva Bhadrapada,venus,NEUTRAL,0.5,rahu,N/A,0.5,Tradition-specific,Mithuna,Ardra
2015-05-08,Ireland,England,no result,-,Dublin (Malahide),ODI # 3650,venus,NEUTRAL,1.5,mercury,NEUTRAL,1.5,Insufficient,Mithuna,Ardra,rahu,N/A,0.5,rahu,N/A,0.5,Tradition-specific,Mithuna,Punarvasu
2015-05-26,Pakistan,Zimbabwe,Pakistan,41 runs,Lahore,ODI # 3651,venus,NEUTRAL,0.5,rahu,N/A,0.5,Tradition-specific,Mithuna,Ardra,jupiter,NEUTRAL,-0.5,jupiter,NEUTRAL,-0.5,Insufficient,Vrishabha,Rohini
2015-05-29,Pakistan,Zimbabwe,Pakistan,6 wickets,Lahore,ODI # 3652,venus,NEUTRAL,0.5,rahu,N/A,0.5,Tradition-specific,Mithuna,Ardra,jupiter,NEUTRAL,-0.5,jupiter,NEUTRAL,-0.5,Insufficient,Vrishabha,Rohini
2015-05-31,Pakistan,Zimbabwe,no result,-,Lahore,ODI # 3653,venus,NEUTRAL,0.5,rahu,N/A,0.5,Tradition-specific,Mithuna,Ardra,jupiter,NEUTRAL,-0.5,jupiter,NEUTRAL,-0.5,Insufficient,Vrishabha,Rohini
2015-06-09,England,New Zealand,England,210 runs,Birmingham,ODI # 3654,rahu,N/A,0.5,rahu,N/A,0.5,Tradition-specific,Mithuna,Punarvasu,venus,DEBILITATED,-0.5,sun,NEUTRAL,0.5,Contradictory,Mesha,Bharani
2015-06-12,England,New Zealand,New Zealand,13 runs,The Oval,ODI # 3655,rahu,N/A,0.5,rahu,N/A,0.5,Tradition-specific,Mithuna,Punarvasu,venus,DEBILITATED,-0.5,sun,NEUTRAL,0.5,Contradictory,Mesha,Bharani
2015-06-14,England,New Zealand,New Zealand,3 wickets,Southampton,ODI # 3656,rahu,N/A,0.5,rahu,N/A,0.5,Tradition-specific,Mithuna,Punarvasu,venus,DEBILITATED,-0.5,sun,NEUTRAL,0.5,Contradictory,Mesha,Bharani
2015-06-17,England,New Zealand,England,7 wickets,Nottingham,ODI # 3657,rahu,N/A,0.5,rahu,N/A,0.5,Tradition-specific,Mithuna,Punarvasu,venus,DEBILITATED,-0.5,sun,NEUTRAL,0.5,Contradictory,Mesha,Bharani
2015-06-18,Bangladesh,India,Bangladesh,79 runs,Mirpur,ODI # 3658,mercury,DEBILITATED,-0.5,saturn,DEBILITATED,-3.5,Strong,Kumbha,Purva Bhadrapada,sun,NEUTRAL,-0.5,venus,NEUTRAL,0.5,Strong,Karka,Pushya
2015-06-20,England,New Zealand,England,3 wickets,Chester-le-Street,ODI # 3659,rahu,N/A,0.5,rahu,N/A,0.5,Tradition-specific,Mithuna,Punarvasu,venus,DEBILITATED,-0.5,sun,NEUTRAL,0.5,Contradictory,Mesha,Bharani
2015-06-21,Bangladesh,India,Bangladesh,6 wickets,Mirpur,ODI # 3660,mercury,DEBILITATED,-0.5,saturn,DEBILITATED,-3.5,Strong,Kumbha,Purva Bhadrapada,sun,NEUTRAL,-0.5,venus,NEUTRAL,0.5,Strong,Karka,Pushya
2015-06-24,Bangladesh,India,India,77 runs,Mirpur,ODI # 3661,mercury,DEBILITATED,-0.5,saturn,DEBILITATED,-3.5,Strong,Kumbha,Purva Bhadrapada,sun,NEUTRAL,-0.5,venus,NEUTRAL,0.5,Strong,Karka,Pushya
2015-07-10,Zimbabwe,India,India,4 runs,Harare,ODI # 3662,jupiter,NEUTRAL,-0.5,saturn,NEUTRAL,-1.5,Strong,Vrishabha,Rohini,sun,NEUTRAL,-0.5,venus,NEUTRAL,0.5,Strong,Karka,Pushya
2015-07-10,Bangladesh,South Africa,South Africa,8 wickets,Mirpur,ODI # 3663,mercury,DEBILITATED,-0.5,saturn,DEBILITATED,-3.5,Strong,Kumbha,Purva Bhadrapada,moon,NEUTRAL,1.5,moon,NEUTRAL,1.5,Strong,Kumbha,Dhanishta
2015-07-11,Sri Lanka,Pakistan,Pakistan,6 wickets,Dambulla,ODI # 3664,moon,DEBILITATED,-1.5,venus,NEUTRAL,1.5,Strong,Vrischika,Anuradha,venus,NEUTRAL,0.5,rahu,N/A,0.5,Tradition-specific,Mithuna,Ardra
2015-07-12,Zimbabwe,India,India,62 runs,Harare,ODI # 3665,jupiter,NEUTRAL,-0.5,saturn,NEUTRAL,-1.5,Strong,Vrishabha,Rohini,sun,NEUTRAL,-0.5,venus,NEUTRAL,0.5,Strong,Karka,Pushya
2015-07-12,Bangladesh,South Africa,Bangladesh,7 wickets,Mirpur,ODI # 3666,mercury,DEBILITATED,-0.5,saturn,DEBILITATED,-3.5,Strong,Kumbha,Purva Bhadrapada,moon,NEUTRAL,1.5,moon,NEUTRAL,1.5,Strong,Kumbha,Dhanishta
2015-07-14,Zimbabwe,India,India,83 runs,Harare,ODI # 3667,jupiter,NEUTRAL,-0.5,saturn,NEUTRAL,-1.5,Strong,Vrishabha,Rohini,sun,NEUTRAL,-0.5,venus,NEUTRAL,0.5,Strong,Karka,Pushya
2015-07-15,Bangladesh,South Africa,Bangladesh,9 wickets,Chattogram,ODI # 3668,mercury,DEBILITATED,-0.5,saturn,DEBILITATED,-3.5,Strong,Kumbha,Purva Bhadrapada,moon,NEUTRAL,1.5,moon,NEUTRAL,1.5,Strong,Kumbha,Dhanishta
2015-07-15,Sri Lanka,Pakistan,Sri Lanka,2 wickets,Pallekele,ODI # 3669,moon,DEBILITATED,-1.5,venus,NEUTRAL,1.5,Strong,Vrischika,Anuradha,venus,NEUTRAL,0.5,rahu,N/A,0.5,Tradition-specific,Mithuna,Ardra
2015-07-19,Sri Lanka,Pakistan,Pakistan,135 runs,Colombo (RPS),ODI # 3670,moon,DEBILITATED,-1.5,venus,NEUTRAL,1.5,Strong,Vrischika,Anuradha,venus,NEUTRAL,0.5,rahu,N/A,0.5,Tradition-specific,Mithuna,Ardra
2015-07-22,Sri Lanka,Pakistan,Pakistan,7 wickets,Colombo (RPS),ODI # 3671,moon,DEBILITATED,-1.5,venus,NEUTRAL,1.5,Strong,Vrischika,Anuradha,venus,NEUTRAL,0.5,rahu,N/A,0.5,Tradition-specific,Mithuna,Ardra
2015-07-26,Sri Lanka,Pakistan,Sri Lanka,165 runs,Hambantota,ODI # 3672,moon,DEBILITATED,-1.5,venus,NEUTRAL,1.5,Strong,Vrischika,Anuradha,venus,NEUTRAL,0.5,rahu,N/A,0.5,Tradition-specific,Mithuna,Ardra
2015-08-02,Zimbabwe,New Zealand,Zimbabwe,7 wickets,Harare,ODI # 3673,jupiter,NEUTRAL,-0.5,saturn,NEUTRAL,-1.5,Strong,Vrishabha,Rohini,venus,DEBILITATED,-0.5,sun,NEUTRAL,0.5,Contradictory,Mesha,Bharani
2015-08-04,Zimbabwe,New Zealand,New Zealand,10 wickets,Harare,ODI # 3674,jupiter,NEUTRAL,-0.5,saturn,NEUTRAL,-1.5,Strong,Vrishabha,Rohini,venus,DEBILITATED,-0.5,sun,NEUTRAL,0.5,Contradictory,Mesha,Bharani
2015-08-07,Zimbabwe,New Zealand,New Zealand,38 runs,Harare,ODI # 3675,jupiter,NEUTRAL,-0.5,saturn,NEUTRAL,-1.5,Strong,Vrishabha,Rohini,venus,DEBILITATED,-0.5,sun,NEUTRAL,0.5,Contradictory,Mesha,Bharani
2015-08-19,South Africa,New Zealand,South Africa,20 runs,Centurion,ODI # 3676,moon,NEUTRAL,1.5,moon,NEUTRAL,1.5,Strong,Kumbha,Dhanishta,venus,DEBILITATED,-0.5,sun,NEUTRAL,0.5,Contradictory,Mesha,Bharani
2015-08-23,South Africa,New Zealand,New Zealand,8 wickets,Potchefstroom,ODI # 3677,moon,NEUTRAL,1.5,moon,NEUTRAL,1.5,Strong,Kumbha,Dhanishta,venus,DEBILITATED,-0.5,sun,NEUTRAL,0.5,Contradictory,Mesha,Bharani
2015-08-26,South Africa,New Zealand,South Africa,62 runs,Durban,ODI # 3678,moon,NEUTRAL,1.5,moon,NEUTRAL,1.5,Strong,Kumbha,Dhanishta,venus,DEBILITATED,-0.5,sun,NEUTRAL,0.5,Contradictory,Mesha,Bharani
2015-08-27,Ireland,Australia,Australia,23 runs,Belfast,ODI # 3679,venus,NEUTRAL,1.5,mercury,NEUTRAL,1.5,Insufficient,Mithuna,Ardra,venus,NEUTRAL,0.5,moon,NEUTRAL,-0.5,Contradictory,Mesha,Bharani
2015-09-03,England,Australia,Australia,59 runs,Southampton,ODI # 3680,rahu,N/A,0.5,rahu,N/A,0.5,Tradition-specific,Mithuna,Punarvasu,venus,NEUTRAL,0.5,moon,NEUTRAL,-0.5,Contradictory,Mesha,Bharani
2015-09-05,England,Australia,Australia,64 runs,Lord's,ODI # 3681,rahu,N/A,0.5,jupiter,EXALTED,2.5,Strong,Mithuna,Punarvasu,venus,NEUTRAL,0.5,moon,NEUTRAL,-0.5,Contradictory,Mesha,Bharani
2015-09-08,England,Australia,England,93 runs,Manchester,ODI # 3682,rahu,N/A,0.5,jupiter,EXALTED,2.5,Strong,Mithuna,Punarvasu,venus,NEUTRAL,0.5,moon,NEUTRAL,-0.5,Contradictory,Mesha,Bharani
2015-09-11,England,Australia,England,3 wickets,Leeds,ODI # 3683,rahu,N/A,0.5,jupiter,EXALTED,2.5,Strong,Mithuna,Punarvasu,venus,NEUTRAL,0.5,moon,NEUTRAL,-0.5,Contradictory,Mesha,Bharani
2015-09-13,England,Australia,Australia,8 wickets,Manchester,ODI # 3684,rahu,N/A,0.5,jupiter,EXALTED,2.5,Strong,Mithuna,Punarvasu,venus,NEUTRAL,0.5,moon,NEUTRAL,-0.5,Contradictory,Mesha,Bharani
2015-10-01,Zimbabwe,Pakistan,Pakistan,131 runs,Harare,ODI # 3685,jupiter,NEUTRAL,-0.5,saturn,NEUTRAL,-1.5,Strong,Vrishabha,Rohini,venus,NEUTRAL,0.5,rahu,N/A,0.5,Tradition-specific,Mithuna,Ardra
2015-10-03,Zimbabwe,Pakistan,Zimbabwe,5 runs,Harare,ODI # 3686,jupiter,NEUTRAL,-0.5,saturn,NEUTRAL,-1.5,Strong,Vrishabha,Rohini,venus,NEUTRAL,0.5,rahu,N/A,0.5,Tradition-specific,Mithuna,Ardra
2015-10-05,Zimbabwe,Pakistan,Pakistan,7 wickets,Harare,ODI # 3687,jupiter,NEUTRAL,-0.5,saturn,NEUTRAL,-1.5,Strong,Vrishabha,Rohini,venus,NEUTRAL,0.5,rahu,N/A,0.5,Tradition-specific,Mithuna,Ardra
2015-10-09,Zimbabwe,Ireland,Zimbabwe,2 wickets,Harare,ODI # 3688,jupiter,NEUTRAL,-0.5,saturn,NEUTRAL,-1.5,Strong,Vrishabha,Rohini,venus,NEUTRAL,1.5,mercury,NEUTRAL,1.5,Insufficient,Mithuna,Ardra
2015-10-11,India,South Africa,South Africa,5 runs,Kanpur,ODI # 3689,moon,OWN_SIGN,1.5,moon,OWN_SIGN,1.5,Strong,Karka,Pushya,moon,NEUTRAL,1.5,moon,NEUTRAL,1.5,Strong,Kumbha,Dhanishta
2015-10-11,Zimbabwe,Ireland,Zimbabwe,5 wickets,Harare,ODI # 3690,jupiter,NEUTRAL,-0.5,saturn,NEUTRAL,-1.5,Strong,Vrishabha,Rohini,venus,NEUTRAL,1.5,mercury,NEUTRAL,1.5,Insufficient,Mithuna,Ardra
2015-10-13,Zimbabwe,Ireland,Ireland,2 wickets,Harare,ODI # 3691,jupiter,NEUTRAL,-0.5,saturn,NEUTRAL,-1.5,Strong,Vrishabha,Rohini,venus,NEUTRAL,1.5,mercury,NEUTRAL,1.5,Insufficient,Mithuna,Ardra
2015-10-14,India,South Africa,India,22 runs,Indore,ODI # 3692,moon,OWN_SIGN,1.5,moon,OWN_SIGN,1.5,Strong,Karka,Pushya,moon,NEUTRAL,1.5,moon,NEUTRAL,1.5,Strong,Kumbha,Dhanishta
2015-10-16,Zimbabwe,Afghanistan,Zimbabwe,8 wickets,Bulawayo,ODI # 3693,jupiter,NEUTRAL,-0.5,saturn,NEUTRAL,-1.5,Strong,Vrishabha,Rohini,ketu,N/A,-1.5,mercury,NEUTRAL,0.5,Insufficient,Vrishabha,Krittika
2015-10-18,Zimbabwe,Afghanistan,Afghanistan,58 runs,Bulawayo,ODI # 3694,jupiter,NEUTRAL,-0.5,saturn,NEUTRAL,-1.5,Strong,Vrishabha,Rohini,ketu,N/A,-1.5,mercury,NEUTRAL,0.5,Insufficient,Vrishabha,Krittika
2015-10-18,India,South Africa,South Africa,18 runs,Rajkot,ODI # 3695,moon,OWN_SIGN,1.5,moon,OWN_SIGN,1.5,Strong,Karka,Pushya,moon,NEUTRAL,1.5,moon,NEUTRAL,1.5,Strong,Kumbha,Dhanishta
2015-10-20,Zimbabwe,Afghanistan,Zimbabwe,6 wickets,Bulawayo,ODI # 3696,jupiter,NEUTRAL,-0.5,saturn,NEUTRAL,-1.5,Strong,Vrishabha,Rohini,ketu,N/A,-1.5,mercury,NEUTRAL,0.5,Insufficient,Vrishabha,Krittika
2015-10-22,Zimbabwe,Afghanistan,Afghanistan,3 wickets,Bulawayo,ODI # 3697,jupiter,NEUTRAL,-0.5,saturn,NEUTRAL,-1.5,Strong,Vrishabha,Rohini,ketu,N/A,-1.5,mercury,NEUTRAL,0.5,Insufficient,Vrishabha,Krittika
2015-10-22,India,South Africa,India,35 runs,Chennai,ODI # 3698,moon,OWN_SIGN,1.5,moon,OWN_SIGN,1.5,Strong,Karka,Pushya,moon,NEUTRAL,1.5,moon,NEUTRAL,1.5,Strong,Kumbha,Dhanishta
2015-10-24,Zimbabwe,Afghanistan,Afghanistan,73 runs,Bulawayo,ODI # 3699,jupiter,NEUTRAL,-0.5,saturn,NEUTRAL,-1.5,Strong,Vrishabha,Rohini,ketu,N/A,-1.5,mercury,NEUTRAL,0.5,Insufficient,Vrishabha,Krittika
2015-10-25,India,South Africa,South Africa,214 runs,Wankhede,ODI # 3700,moon,OWN_SIGN,1.5,moon,OWN_SIGN,1.5,Strong,Karka,Pushya,moon,NEUTRAL,1.5,moon,NEUTRAL,1.5,Strong,Kumbha,Dhanishta
2015-11-07,Bangladesh,Zimbabwe,Bangladesh,145 runs,Mirpur,ODI # 3703,mercury,DEBILITATED,-0.5,saturn,DEBILITATED,-3.5,Strong,Kumbha,Purva Bhadrapada,jupiter,NEUTRAL,-0.5,saturn,NEUTRAL,-1.5,Strong,Vrishabha,Rohini
2015-11-09,Bangladesh,Zimbabwe,Bangladesh,58 runs,Mirpur,ODI # 3705,mercury,DEBILITATED,-0.5,saturn,DEBILITATED,-3.5,Strong,Kumbha,Purva Bhadrapada,jupiter,NEUTRAL,-0.5,saturn,NEUTRAL,-1.5,Strong,Vrishabha,Rohini
2015-11-11,Bangladesh,Zimbabwe,Bangladesh,61 runs,Mirpur,ODI # 3706,mercury,DEBILITATED,-0.5,saturn,DEBILITATED,-3.5,Strong,Kumbha,Purva Bhadrapada,jupiter,NEUTRAL,-0.5,saturn,NEUTRAL,-1.5,Strong,Vrishabha,Rohini
2015-11-11,England,Pakistan,Pakistan,6 wickets,Abu Dhabi,ODI # 3707,rahu,N/A,0.5,jupiter,EXALTED,2.5,Strong,Mithuna,Punarvasu,venus,NEUTRAL,0.5,rahu,N/A,0.5,Tradition-specific,Mithuna,Ardra
2015-11-13,England,Pakistan,England,95 runs,Abu Dhabi,ODI # 3708,rahu,N/A,0.5,jupiter,EXALTED,2.5,Strong,Mithuna,Punarvasu,venus,NEUTRAL,0.5,rahu,N/A,0.5,Tradition-specific,Mithuna,Ardra
2015-11-17,England,Pakistan,England,6 wickets,Sharjah,ODI # 3710,rahu,N/A,0.5,jupiter,EXALTED,2.5,Strong,Mithuna,Punarvasu,venus,NEUTRAL,0.5,rahu,N/A,0.5,Tradition-specific,Mithuna,Ardra
2015-11-20,England,Pakistan,England,84 runs,Dubai (DSC),ODI # 3712,rahu,N/A,0.5,jupiter,EXALTED,2.5,Strong,Mithuna,Punarvasu,venus,NEUTRAL,0.5,rahu,N/A,0.5,Tradition-specific,Mithuna,Ardra
2015-12-25,Afghanistan,Zimbabwe,Afghanistan,49 runs,Sharjah,ODI # 3713,ketu,N/A,-1.5,mercury,NEUTRAL,0.5,Insufficient,Vrishabha,Krittika,jupiter,NEUTRAL,-0.5,saturn,NEUTRAL,-1.5,Strong,Vrishabha,Rohini
2015-12-26,New Zealand,Sri Lanka,New Zealand,7 wickets,Christchurch,ODI # 3714,venus,DEBILITATED,-0.5,moon,NEUTRAL,-0.5,Contradictory,Mesha,Bharani,moon,DEBILITATED,-1.5,sun,NEUTRAL,0.5,Contradictory,Vrischika,Anuradha
2015-12-28,New Zealand,Sri Lanka,New Zealand,10 wickets,Christchurch,ODI # 3715,venus,DEBILITATED,-0.5,moon,NEUTRAL,-0.5,Contradictory,Mesha,Bharani,moon,DEBILITATED,-1.5,sun,NEUTRAL,0.5,Contradictory,Vrischika,Anuradha
2015-12-29,Afghanistan,Zimbabwe,Afghanistan,4 wickets,Sharjah,ODI # 3716,ketu,N/A,-1.5,mercury,NEUTRAL,0.5,Insufficient,Vrishabha,Krittika,jupiter,NEUTRAL,-0.5,saturn,NEUTRAL,-1.5,Strong,Vrishabha,Rohini
2015-12-31,New Zealand,Sri Lanka,Sri Lanka,8 wickets,Nelson,ODI # 3717,venus,DEBILITATED,-0.5,moon,NEUTRAL,-0.5,Contradictory,Mesha,Bharani,moon,DEBILITATED,-1.5,sun,NEUTRAL,0.5,Contradictory,Vrischika,Anuradha
2016-01-02,New Zealand,Sri Lanka,no result,-,Nelson,ODI # 3718,venus,DEBILITATED,-0.5,moon,NEUTRAL,-0.5,Contradictory,Mesha,Bharani,moon,DEBILITATED,-1.5,sun,NEUTRAL,0.5,Contradictory,Vrischika,Anuradha
2016-01-02,Afghanistan,Zimbabwe,Zimbabwe,117 runs,Sharjah,ODI # 3719,ketu,N/A,-1.5,mercury,NEUTRAL,0.5,Insufficient,Vrishabha,Krittika,jupiter,NEUTRAL,-0.5,saturn,NEUTRAL,-1.5,Strong,Vrishabha,Rohini
2016-01-04,Afghanistan,Zimbabwe,Zimbabwe,65 runs,Sharjah,ODI # 3720,ketu,N/A,-1.5,mercury,NEUTRAL,0.5,Insufficient,Vrishabha,Krittika,jupiter,NEUTRAL,-0.5,saturn,NEUTRAL,-1.5,Strong,Vrishabha,Rohini
2016-01-05,New Zealand,Sri Lanka,New Zealand,36 runs,Mount Maunganui,ODI # 3721,venus,DEBILITATED,-0.5,moon,NEUTRAL,-0.5,Contradictory,Mesha,Bharani,moon,DEBILITATED,-1.5,sun,NEUTRAL,0.5,Contradictory,Vrischika,Anuradha
2016-01-06,Afghanistan,Zimbabwe,Afghanistan,2 wickets,Sharjah,ODI # 3722,ketu,N/A,-1.5,mercury,NEUTRAL,0.5,Insufficient,Vrishabha,Krittika,jupiter,NEUTRAL,-0.5,saturn,NEUTRAL,-1.5,Strong,Vrishabha,Rohini
2016-01-12,Australia,India,Australia,5 wickets,Perth,ODI # 3723,venus,NEUTRAL,0.5,moon,NEUTRAL,-0.5,Contradictory,Mesha,Bharani,moon,OWN_SIGN,1.5,moon,OWN_SIGN,1.5,Strong,Karka,Pushya
2016-01-15,Australia,India,Australia,7 wickets,Brisbane,ODI # 3724,venus,NEUTRAL,0.5,moon,NEUTRAL,-0.5,Contradictory,Mesha,Bharani,moon,OWN_SIGN,1.5,moon,OWN_SIGN,1.5,Strong,Karka,Pushya
2016-01-17,Australia,India,Australia,3 wickets,Melbourne,ODI # 3725,venus,NEUTRAL,0.5,moon,NEUTRAL,-0.5,Contradictory,Mesha,Bharani,moon,OWN_SIGN,1.5,moon,OWN_SIGN,1.5,Strong,Karka,Pushya
2016-01-20,Australia,India,Australia,25 runs,Canberra,ODI # 3726,venus,NEUTRAL,0.5,moon,NEUTRAL,-0.5,Contradictory,Mesha,Bharani,moon,OWN_SIGN,1.5,moon,OWN_SIGN,1.5,Strong,Karka,Pushya
2016-01-23,Australia,India,India,6 wickets,Sydney,ODI # 3727,venus,NEUTRAL,0.5,moon,NEUTRAL,-0.5,Contradictory,Mesha,Bharani,moon,OWN_SIGN,1.5,moon,OWN_SIGN,1.5,Strong,Karka,Pushya
2016-01-25,New Zealand,Pakistan,New Zealand,70 runs,Wellington,ODI # 3728,venus,DEBILITATED,-0.5,moon,NEUTRAL,-0.5,Contradictory,Mesha,Bharani,venus,NEUTRAL,0.5,rahu,N/A,0.5,Tradition-specific,Mithuna,Ardra
2016-01-31,New Zealand,Pakistan,New Zealand,3 wickets,Auckland,ODI # 3730,venus,DEBILITATED,-0.5,moon,NEUTRAL,-0.5,Contradictory,Mesha,Bharani,venus,NEUTRAL,0.5,rahu,N/A,0.5,Tradition-specific,Mithuna,Ardra
2016-02-03,New Zealand,Australia,New Zealand,159 runs,Auckland,ODI # 3731,venus,DEBILITATED,-0.5,moon,NEUTRAL,-0.5,Contradictory,Mesha,Bharani,venus,NEUTRAL,0.5,moon,NEUTRAL,-0.5,Contradictory,Mesha,Bharani
2016-02-03,South Africa,England,England,39 runs,Bloemfontein,ODI # 3732,moon,NEUTRAL,1.5,mars,NEUTRAL,0.5,Insufficient,Kumbha,Dhanishta,rahu,N/A,0.5,jupiter,EXALTED,2.5,Strong,Mithuna,Punarvasu
2016-02-06,New Zealand,Australia,Australia,4 wickets,Wellington,ODI # 3733,venus,DEBILITATED,-0.5,moon,NEUTRAL,-0.5,Contradictory,Mesha,Bharani,venus,NEUTRAL,0.5,moon,NEUTRAL,-0.5,Contradictory,Mesha,Bharani
2016-02-06,South Africa,England,England,5 wickets,Gqeberha,ODI # 3734,moon,NEUTRAL,1.5,mars,NEUTRAL,0.5,Insufficient,Kumbha,Dhanishta,rahu,N/A,0.5,jupiter,EXALTED,2.5,Strong,Mithuna,Punarvasu
2016-02-08,New Zealand,Australia,New Zealand,55 runs,Hamilton,ODI # 3735,venus,DEBILITATED,-0.5,moon,NEUTRAL,-0.5,Contradictory,Mesha,Bharani,venus,NEUTRAL,0.5,moon,NEUTRAL,-0.5,Contradictory,Mesha,Bharani
2016-02-09,South Africa,England,South Africa,7 wickets,Centurion,ODI # 3736,moon,NEUTRAL,1.5,mars,NEUTRAL,0.5,Insufficient,Kumbha,Dhanishta,rahu,N/A,0.5,jupiter,EXALTED,2.5,Strong,Mithuna,Punarvasu
2016-02-12,South Africa,England,South Africa,1 wicket,Johannesburg,ODI # 3737,moon,NEUTRAL,1.5,mars,NEUTRAL,0.5,Insufficient,Kumbha,Dhanishta,rahu,N/A,0.5,jupiter,EXALTED,2.5,Strong,Mithuna,Punarvasu
2016-02-14,South Africa,England,South Africa,5 wickets,Cape Town,ODI # 3738,moon,NEUTRAL,1.5,mars,NEUTRAL,0.5,Insufficient,Kumbha,Dhanishta,rahu,N/A,0.5,jupiter,EXALTED,2.5,Strong,Mithuna,Punarvasu
2016-06-07,Australia,South Africa,South Africa,47 runs,Providence,ODI # 3741,venus,NEUTRAL,0.5,moon,NEUTRAL,-0.5,Contradictory,Mesha,Bharani,moon,NEUTRAL,1.5,mars,NEUTRAL,0.5,Insufficient,Kumbha,Dhanishta
2016-06-11,Zimbabwe,India,India,9 wickets,Harare,ODI # 3742,jupiter,NEUTRAL,-0.5,saturn,NEUTRAL,-1.5,Strong,Vrishabha,Rohini,moon,OWN_SIGN,1.5,moon,OWN_SIGN,1.5,Strong,Karka,Pushya
2016-06-11,Australia,South Africa,Australia,36 runs,Basseterre,ODI # 3743,venus,NEUTRAL,0.5,moon,NEUTRAL,-0.5,Contradictory,Mesha,Bharani,moon,NEUTRAL,1.5,mars,NEUTRAL,0.5,Insufficient,Kumbha,Dhanishta
2016-06-13,Zimbabwe,India,India,8 wickets,Harare,ODI # 3744,jupiter,NEUTRAL,-0.5,saturn,NEUTRAL,-1.5,Strong,Vrishabha,Rohini,moon,OWN_SIGN,1.5,moon,OWN_SIGN,1.5,Strong,Karka,Pushya
2016-06-15,Zimbabwe,India,India,10 wickets,Harare,ODI # 3746,jupiter,NEUTRAL,-0.5,saturn,NEUTRAL,-1.5,Strong,Vrishabha,Rohini,moon,OWN_SIGN,1.5,moon,OWN_SIGN,1.5,Strong,Karka,Pushya
2016-06-16,Ireland,Sri Lanka,Sri Lanka,76 runs,Dublin (Malahide),ODI # 3748,venus,NEUTRAL,1.5,ketu,N/A,-1.5,Tradition-specific,Mithuna,Ardra,mars,NEUTRAL,-0.5,mars,NEUTRAL,-0.5,Insufficient,Vrischika,Anuradha
2016-06-18,Ireland,Sri Lanka,Sri Lanka,136 runs,Dublin (Malahide),ODI # 3749,venus,NEUTRAL,1.5,ketu,N/A,-1.5,Tradition-specific,Mithuna,Ardra,mars,NEUTRAL,-0.5,mars,NEUTRAL,-0.5,Insufficient,Vrischika,Anuradha
2016-06-19,Australia,South Africa,no result,-,Bridgetown,ODI # 3750,venus,NEUTRAL,0.5,moon,NEUTRAL,-0.5,Contradictory,Mesha,Bharani,moon,NEUTRAL,1.5,mars,NEUTRAL,0.5,Insufficient,Kumbha,Dhanishta
2016-06-21,England,Sri Lanka,tied,-,Nottingham,ODI # 3751,rahu,N/A,0.5,jupiter,EXALTED,2.5,Strong,Mithuna,Punarvasu,mars,NEUTRAL,-0.5,mars,NEUTRAL,-0.5,Insufficient,Vrischika,Anuradha
2016-06-24,England,Sri Lanka,England,10 wickets,Birmingham,ODI # 3753,rahu,N/A,0.5,jupiter,EXALTED,2.5,Strong,Mithuna,Punarvasu,mars,NEUTRAL,-0.5,mars,NEUTRAL,-0.5,Insufficient,Vrischika,Anuradha
2016-06-26,England,Sri Lanka,no result,-,Bristol,ODI # 3755,rahu,N/A,0.5,jupiter,EXALTED,2.5,Strong,Mithuna,Punarvasu,mars,NEUTRAL,-0.5,mars,NEUTRAL,-0.5,Insufficient,Vrischika,Anuradha
2016-06-29,England,Sri Lanka,England,6 wickets,The Oval,ODI # 3757,rahu,N/A,0.5,jupiter,EXALTED,2.5,Strong,Mithuna,Punarvasu,mars,NEUTRAL,-0.5,mars,NEUTRAL,-0.5,Insufficient,Vrischika,Anuradha
2016-07-02,England,Sri Lanka,England,122 runs,Cardiff,ODI # 3758,rahu,N/A,0.5,jupiter,EXALTED,2.5,Strong,Mithuna,Punarvasu,mars,NEUTRAL,-0.5,mars,NEUTRAL,-0.5,Insufficient,Vrischika,Anuradha
2016-07-12,Ireland,Afghanistan,Afghanistan,39 runs,Belfast,ODI # 3761,venus,NEUTRAL,1.5,ketu,N/A,-1.5,Tradition-specific,Mithuna,Ardra,venus,DEBILITATED,-0.5,venus,DEBILITATED,-0.5,Strong,Vrishabha,Krittika
2016-07-14,Ireland,Afghanistan,Ireland,6 wickets,Belfast,ODI # 3762,venus,NEUTRAL,1.5,ketu,N/A,-1.5,Tradition-specific,Mithuna,Ardra,venus,DEBILITATED,-0.5,venus,DEBILITATED,-0.5,Strong,Vrishabha,Krittika
2016-07-17,Ireland,Afghanistan,Afghanistan,79 runs,Belfast,ODI # 3763,venus,NEUTRAL,1.5,ketu,N/A,-1.5,Tradition-specific,Mithuna,Ardra,venus,DEBILITATED,-0.5,venus,DEBILITATED,-0.5,Strong,Vrishabha,Krittika
2016-07-19,Ireland,Afghanistan,Ireland,12 runs,Belfast,ODI # 3764,venus,NEUTRAL,1.5,ketu,N/A,-1.5,Tradition-specific,Mithuna,Ardra,venus,DEBILITATED,-0.5,venus,DEBILITATED,-0.5,Strong,Vrishabha,Krittika
2016-08-18,Ireland,Pakistan,Pakistan,255 runs,Dublin (Malahide),ODI # 3767,venus,NEUTRAL,1.5,ketu,N/A,-1.5,Tradition-specific,Mithuna,Ardra,venus,NEUTRAL,0.5,rahu,N/A,0.5,Tradition-specific,Mithuna,Ardra
2016-08-21,Sri Lanka,Australia,Australia,3 wickets,Colombo (RPS),ODI # 3768,mars,NEUTRAL,-0.5,rahu,N/A,0.5,Tradition-specific,Vrischika,Anuradha,venus,NEUTRAL,0.5,moon,NEUTRAL,-0.5,Contradictory,Mesha,Bharani
2016-08-24,Sri Lanka,Australia,Sri Lanka,82 runs,Colombo (RPS),ODI # 3769,mars,NEUTRAL,-0.5,rahu,N/A,0.5,Tradition-specific,Vrischika,Anuradha,venus,NEUTRAL,0.5,moon,NEUTRAL,-0.5,Contradictory,Mesha,Bharani
2016-08-24,England,Pakistan,England,44 runs,Southampton,ODI # 3770,rahu,N/A,0.5,jupiter,EXALTED,2.5,Strong,Mithuna,Punarvasu,venus,NEUTRAL,0.5,rahu,N/A,0.5,Tradition-specific,Mithuna,Ardra
2016-08-27,England,Pakistan,England,4 wickets,Lord's,ODI # 3771,rahu,N/A,0.5,jupiter,EXALTED,2.5,Strong,Mithuna,Punarvasu,venus,NEUTRAL,0.5,rahu,N/A,0.5,Tradition-specific,Mithuna,Ardra
2016-08-28,Sri Lanka,Australia,Australia,2 wickets,Dambulla,ODI # 3772,mars,NEUTRAL,-0.5,rahu,N/A,0.5,Tradition-specific,Vrischika,Anuradha,venus,NEUTRAL,0.5,moon,NEUTRAL,-0.5,Contradictory,Mesha,Bharani
2016-08-30,England,Pakistan,England,169 runs,Nottingham,ODI # 3773,rahu,N/A,0.5,jupiter,EXALTED,2.5,Strong,Mithuna,Punarvasu,venus,NEUTRAL,0.5,rahu,N/A,0.5,Tradition-specific,Mithuna,Ardra
2016-08-31,Sri Lanka,Australia,Australia,6 wickets,Dambulla,ODI # 3774,mars,NEUTRAL,-0.5,rahu,N/A,0.5,Tradition-specific,Vrischika,Anuradha,venus,NEUTRAL,0.5,moon,NEUTRAL,-0.5,Contradictory,Mesha,Bharani
2016-09-01,England,Pakistan,England,4 wickets,Leeds,ODI # 3775,rahu,N/A,0.5,jupiter,EXALTED,2.5,Strong,Mithuna,Punarvasu,venus,NEUTRAL,0.5,rahu,N/A,0.5,Tradition-specific,Mithuna,Ardra
2016-09-04,Sri Lanka,Australia,Australia,5 wickets,Pallekele,ODI # 3776,mars,NEUTRAL,-0.5,rahu,N/A,0.5,Tradition-specific,Vrischika,Anuradha,venus,NEUTRAL,0.5,moon,NEUTRAL,-0.5,Contradictory,Mesha,Bharani
2016-09-04,England,Pakistan,Pakistan,4 wickets,Cardiff,ODI # 3777,rahu,N/A,0.5,jupiter,EXALTED,2.5,Strong,Mithuna,Punarvasu,venus,NEUTRAL,0.5,rahu,N/A,0.5,Tradition-specific,Mithuna,Ardra
2016-09-25,South Africa,Ireland,South Africa,206 runs,Benoni,ODI # 3780,moon,NEUTRAL,1.5,rahu,N/A,0.5,Tradition-specific,Kumbha,Dhanishta,venus,NEUTRAL,1.5,ketu,N/A,-1.5,Tradition-specific,Mithuna,Ardra
2016-09-25,Bangladesh,Afghanistan,Bangladesh,7 runs,Mirpur,ODI # 3781,ketu,N/A,0.5,venus,NEUTRAL,1.5,Strong,Kumbha,Purva Bhadrapada,venus,DEBILITATED,-0.5,venus,DEBILITATED,-0.5,Strong,Vrishabha,Krittika
2016-09-27,Australia,Ireland,Australia,9 wickets,Benoni,ODI # 3782,venus,NEUTRAL,0.5,moon,NEUTRAL,-0.5,Contradictory,Mesha,Bharani,venus,NEUTRAL,1.5,ketu,N/A,-1.5,Tradition-specific,Mithuna,Ardra
2016-09-28,Bangladesh,Afghanistan,Afghanistan,2 wickets,Mirpur,ODI # 3783,ketu,N/A,0.5,venus,NEUTRAL,1.5,Strong,Kumbha,Purva Bhadrapada,venus,DEBILITATED,-0.5,venus,DEBILITATED,-0.5,Strong,Vrishabha,Krittika
2016-09-30,South Africa,Australia,South Africa,6 wickets,Centurion,ODI # 3785,moon,NEUTRAL,1.5,rahu,N/A,0.5,Tradition-specific,Kumbha,Dhanishta,venus,NEUTRAL,0.5,moon,NEUTRAL,-0.5,Contradictory,Mesha,Bharani
2016-10-01,Bangladesh,Afghanistan,Bangladesh,141 runs,Mirpur,ODI # 3786,ketu,N/A,0.5,venus,NEUTRAL,1.5,Strong,Kumbha,Purva Bhadrapada,venus,DEBILITATED,-0.5,venus,DEBILITATED,-0.5,Strong,Vrishabha,Krittika
2016-10-02,South Africa,Australia,South Africa,142 runs,Johannesburg,ODI # 3787,moon,NEUTRAL,1.5,rahu,N/A,0.5,Tradition-specific,Kumbha,Dhanishta,venus,NEUTRAL,0.5,moon,NEUTRAL,-0.5,Contradictory,Mesha,Bharani
2016-10-05,South Africa,Australia,South Africa,4 wickets,Durban,ODI # 3790,moon,NEUTRAL,1.5,rahu,N/A,0.5,Tradition-specific,Kumbha,Dhanishta,venus,NEUTRAL,0.5,moon,NEUTRAL,-0.5,Contradictory,Mesha,Bharani
2016-10-07,Bangladesh,England,England,21 runs,Mirpur,ODI # 3791,ketu,N/A,0.5,venus,NEUTRAL,1.5,Strong,Kumbha,Purva Bhadrapada,rahu,N/A,0.5,jupiter,EXALTED,2.5,Strong,Mithuna,Punarvasu
2016-10-09,South Africa,Australia,South Africa,6 wickets,Gqeberha,ODI # 3792,moon,NEUTRAL,1.5,rahu,N/A,0.5,Tradition-specific,Kumbha,Dhanishta,venus,NEUTRAL,0.5,moon,NEUTRAL,-0.5,Contradictory,Mesha,Bharani
2016-10-09,Bangladesh,England,Bangladesh,34 runs,Mirpur,ODI # 3793,ketu,N/A,0.5,venus,NEUTRAL,1.5,Strong,Kumbha,Purva Bhadrapada,rahu,N/A,0.5,jupiter,EXALTED,2.5,Strong,Mithuna,Punarvasu
2016-10-12,Bangladesh,England,England,4 wickets,Chattogram,ODI # 3794,ketu,N/A,0.5,venus,NEUTRAL,1.5,Strong,Kumbha,Purva Bhadrapada,rahu,N/A,0.5,jupiter,EXALTED,2.5,Strong,Mithuna,Punarvasu
2016-10-12,South Africa,Australia,South Africa,31 runs,Cape Town,ODI # 3795,moon,NEUTRAL,1.5,rahu,N/A,0.5,Tradition-specific,Kumbha,Dhanishta,venus,NEUTRAL,0.5,moon,NEUTRAL,-0.5,Contradictory,Mesha,Bharani
2016-10-16,India,New Zealand,India,6 wickets,Dharamsala,ODI # 3796,moon,OWN_SIGN,1.5,mars,NEUTRAL,-0.5,Insufficient,Karka,Pushya,venus,DEBILITATED,-0.5,moon,NEUTRAL,-0.5,Contradictory,Mesha,Bharani
2016-10-20,India,New Zealand,New Zealand,6 runs,Delhi,ODI # 3797,moon,OWN_SIGN,1.5,mars,NEUTRAL,-0.5,Insufficient,Karka,Pushya,venus,DEBILITATED,-0.5,moon,NEUTRAL,-0.5,Contradictory,Mesha,Bharani
2016-10-23,India,New Zealand,India,7 wickets,Mohali,ODI # 3798,moon,OWN_SIGN,1.5,mars,NEUTRAL,-0.5,Insufficient,Karka,Pushya,venus,DEBILITATED,-0.5,moon,NEUTRAL,-0.5,Contradictory,Mesha,Bharani
2016-10-26,India,New Zealand,New Zealand,19 runs,Ranchi,ODI # 3799,moon,OWN_SIGN,1.5,mars,NEUTRAL,-0.5,Insufficient,Karka,Pushya,venus,DEBILITATED,-0.5,moon,NEUTRAL,-0.5,Contradictory,Mesha,Bharani
2016-10-29,India,New Zealand,India,190 runs,Visakhapatnam,ODI # 3800,moon,OWN_SIGN,1.5,mars,NEUTRAL,-0.5,Insufficient,Karka,Pushya,venus,DEBILITATED,-0.5,moon,NEUTRAL,-0.5,Contradictory,Mesha,Bharani
2016-11-14,Zimbabwe,Sri Lanka,Sri Lanka,8 wickets,Harare,ODI # 3804,jupiter,NEUTRAL,-0.5,saturn,NEUTRAL,-1.5,Strong,Vrishabha,Rohini,mars,NEUTRAL,-0.5,rahu,N/A,0.5,Tradition-specific,Vrischika,Anuradha
2016-11-21,Zimbabwe,Sri Lanka,no result,-,Bulawayo,ODI # 3807,jupiter,NEUTRAL,-0.5,saturn,NEUTRAL,-1.5,Strong,Vrishabha,Rohini,mars,NEUTRAL,-0.5,rahu,N/A,0.5,Tradition-specific,Vrischika,Anuradha
2016-11-27,Zimbabwe,Sri Lanka,Sri Lanka,6 wickets,Bulawayo,ODI # 3810,jupiter,NEUTRAL,-0.5,saturn,NEUTRAL,-1.5,Strong,Vrishabha,Rohini,mars,NEUTRAL,-0.5,rahu,N/A,0.5,Tradition-specific,Vrischika,Anuradha
2016-12-04,Australia,New Zealand,Australia,68 runs,Sydney,ODI # 3811,venus,NEUTRAL,0.5,moon,NEUTRAL,-0.5,Contradictory,Mesha,Bharani,venus,DEBILITATED,-0.5,moon,NEUTRAL,-0.5,Contradictory,Mesha,Bharani
2016-12-06,Australia,New Zealand,Australia,116 runs,Canberra,ODI # 3812,venus,NEUTRAL,0.5,moon,NEUTRAL,-0.5,Contradictory,Mesha,Bharani,venus,DEBILITATED,-0.5,moon,NEUTRAL,-0.5,Contradictory,Mesha,Bharani
2016-12-09,Australia,New Zealand,Australia,117 runs,Melbourne,ODI # 3813,venus,NEUTRAL,0.5,moon,NEUTRAL,-0.5,Contradictory,Mesha,Bharani,venus,DEBILITATED,-0.5,moon,NEUTRAL,-0.5,Contradictory,Mesha,Bharani
2016-12-26,New Zealand,Bangladesh,New Zealand,77 runs,Christchurch,ODI # 3814,venus,DEBILITATED,-0.5,moon,NEUTRAL,-0.5,Contradictory,Mesha,Bharani,ketu,N/A,0.5,venus,NEUTRAL,1.5,Strong,Kumbha,Purva Bhadrapada
2016-12-29,New Zealand,Bangladesh,New Zealand,67 runs,Nelson,ODI # 3815,venus,DEBILITATED,-0.5,moon,NEUTRAL,-0.5,Contradictory,Mesha,Bharani,ketu,N/A,0.5,venus,NEUTRAL,1.5,Strong,Kumbha,Purva Bhadrapada
2016-12-31,New Zealand,Bangladesh,New Zealand,8 wickets,Nelson,ODI # 3816,venus,DEBILITATED,-0.5,moon,NEUTRAL,-0.5,Contradictory,Mesha,Bharani,ketu,N/A,0.5,venus,NEUTRAL,1.5,Strong,Kumbha,Purva Bhadrapada
